Vertical_English,Vertical_Korean,Vertical_Japanese,Vertical_Chinese,Vertical Description_English,Vertical Description_Korean,Vertical Description_Japanese,Vertical Description_Chinese,Example Apps,Example Apps_Korean,Example Apps_Japanese,Example Apps_Chinese,Vertical Intro_English,Vertical Intro_Korean,Vertical Intro_Japanese,Vertical Intro_Chinese,Quote 1 (text)_English,Quote 1 (text)_Korean,Quote 1 (text)_Japanese,Quote 1 (text)_Chinese,Quote 1 (credit)_English,Quote 1 (credit)_Korean,Quote 1 (credit)_Japanese,Quote 1 (credit)_Chinese,Quote 2 (text)_English,Quote 2 (text)_Korean,Quote 2 (text)_Japanese,Quote 2 (text)_Chinese,Quote 2 (credit)_English,Quote 2 (credit)_Korean,Quote 2 (credit)_Japanese,Quote 2 (credit)_Chinese,Quote 3 (text)_English,Quote 3 (text)_Korean,Quote 3 (text)_Japanese,Quote 3 (text)_Chinese,Quote 3 (credit)_English,Quote 3 (credit)_Korean,Quote 3 (credit)_Japanese,Quote 3 (credit)_Chinese,AI Disruption Risk Intro_English,AI Disruption Risk Intro_Korean,AI Disruption Risk Intro_Japanese,AI Disruption Risk Intro_Chinese,Discovery Risk (score)_English,Discovery Risk (score)_Korean,Discovery Risk (score)_Japanese,Discovery Risk (score)_Chinese,Discovery Risk (description)_English,Discovery Risk (description)_Korean,Discovery Risk (description)_Japanese,Discovery Risk (description)_Chinese,Service Disruption Risk (score)_English,Service Disruption Risk (score)_Korean,Service Disruption Risk (score)_Japanese,Service Disruption Risk (score)_Chinese,Service Disruption Risk (description)_English,Service Disruption Risk (description)_Korean,Service Disruption Risk (description)_Japanese,Service Disruption Risk (description)_Chinese,Data Access & Regulatory (score)_English,Data Access & Regulatory (score)_Korean,Data Access & Regulatory (score)_Japanese,Data Access & Regulatory (score)_Chinese,,Data Access & Regulatory (description)_Korean,Data Access & Regulatory (description)_Japanese,Data Access & Regulatory (description)_Chinese,Customer Relationship Intro_English,Customer Relationship Intro_Korean,Customer Relationship Intro_Japanese,Customer Relationship Intro_Chinese,Acquisition Strength (score)_English,Acquisition Strength (score)_Korean,Acquisition Strength (score)_Japanese,Acquisition Strength (score)_Chinese,Acquisition Strength (description)_English,Acquisition Strength (description)_Korean,Acquisition Strength (description)_Japanese,Acquisition Strength (description)_Chinese,Loyalty Strength (score)_English,Loyalty Strength (score)_Korean,Loyalty Strength (score)_Japanese,Loyalty Strength (score)_Chinese,Loyalty Strength (description)_English,Loyalty Strength (description)_Korean,Loyalty Strength (description)_Japanese,Loyalty Strength (description)_Chinese,Platform Engagement Depth (score)_English,Platform Engagement Depth (score)_Korean,Platform Engagement Depth (score)_Japanese,Platform Engagement Depth (score)_Chinese,Platform Engagement Depth (description)_English,Platform Engagement Depth (description)_Korean,Platform Engagement Depth (description)_Japanese,Platform Engagement Depth (description)_Chinese
Travel,여행,旅行,旅游,"Online Travel Aggregators (OTAs), digital aggregators for hotels, activities, and digital travel utilities","온라인 여행 중개 플랫폼(OTA), 호텔, 액티비티, 항공 및 예약 관리 등 디지털 여행 서비스를 한곳에서 제공하는 플랫폼",オンライン旅行代理店（OTA）、ホテル予約やアクティビティ情報、旅行支援ツールのデジタルアグリゲーター,在线旅游聚合平台（OTA），以及覆盖酒店、活动等的数字化聚合服务与旅行工具类应用,"Tripadvisor, Booking, CityMapper, Airbnb, Expedia",,,,"Travel faces one of the highest disruption risks across all verticals, with AI collapsing the entire journey from inspiration to booking into single conversational flows. With minimal customer loyalty and heavy reliance on search channels that AI has disrupted, OTAs risk becoming invisible data suppliers. The industry's web-heavy model leaves brands without defensible owned channels as complex travel queries become single AI prompts.","여행 산업은 AI로 인한 변화 리스크가 가장 높은 산업 중 하나입니다. AI가 여행을 떠올리는 순간부터 실제 예약에 이르기까지의 전 과정을 하나의 대화형 경험으로 통합하면서, 기존의 고객 여정 자체가 빠르게 재편되고 있습니다. 고객 충성도가 낮고, AI로 인해 이미 구조적 변화가 시작된 검색 채널에 대한 의존도가 높은 OTA는 점차 플랫폼 뒤편으로 밀려나 단순한 데이터 공급자로 전락할 위험이 있습니다. 또한 웹 중심으로 설계된 산업 구조로 인해, 복잡했던 여행 검색과 비교 과정이 하나의 AI 프롬프트로 단순화되면서 브랜드가 주도적으로 고객 관계를 유지할 수 있는 자체 채널을 확보하기 어려운 상황입니다.",旅行業界は、全業種の中で最も高いレベルのディスラプションリスクにさらされています。AIが「旅のインスピレーション」から「予約」までの全工程を単一の会話フローへと凝縮するためです。顧客ロイヤルティが極めて低く、現在AIが支配しつつある検索チャネルへの依存度が非常に高いため、オンライン旅行代理店（OTA）は「目に見えないデータ供給業者」と化すリスクがあります。この業界はWebサイト主体のモデルが主流なため、複雑な旅行の検索が「ひとつのAIプロンプト」に置き換わる中、ブランドは防御可能な独自のチャネルを欠いています。,在所有垂直行业中，旅游行业面临的颠覆风险处于最高水平之一。AI 正在将从灵感获取到预订完成的整个旅程压缩为单一的对话式流程。在客户忠诚度较低、且高度依赖已被 AI 颠覆的搜索渠道的背景下，OTA 面临沦为“隐形数据供应商”的风险。与此同时，行业长期以 Web 为主的模式，使品牌缺乏具备防御力的自有触点；当复杂的旅行查询逐渐演变为单一的 AI 提示词时，这一问题将进一步加剧。,"The rigid booking flow we’re used to… origin, destination, dates, and filters doesn’t have to exist in an AI world","우리에게 익숙한 출발지, 도착지, 날짜, 필터 중심의 경직된 예약 흐름은, AI 환경에서 재정의될 수 있습니다.",「出発地、目的地、日程、フィルターといった、私たちが慣れている『お決まりの予約フロー』は、AIの世界では必要ありません」,我们早已习惯的僵化预订流程——从出发地、目的地到日期和筛选条件——在 AI 的世界里并非一定要继续存在。,"Head of Marketing, Global Travel App","글로벌 여행 앱, 마케팅 총괄","グローバル旅行アプリ
マーケティング責任者",营销负责人，全球旅游 App,"Users jump between suppliers; loyalty is fragmented across flights, hotels, and cars.","사용자들은 항공, 호텔, 차량 예약 과정에서 여러 플랫폼을 오가며 이용합니다. 그 결과 충성도는 하나의 브랜드에 집중되지 않고 여러 영역에 걸쳐 분산돼 있습니다.",「航空券、ホテル、レンタカーの間でロイヤルティが分散し、ユーザーは複数のサプライヤーの間を行き来しています」,用户会在不同供应商之间频繁切换；忠诚度分散在航班、酒店和租车等不同环节之中。,"Head of Marketing, Global Travel App","글로벌 여행 앱 ,마케팅 총괄","グローバル旅行アプリ
マーケティング責任者",营销负责人，全球旅游 App,Our first-party traveler data is what will make or break us in terms of how we monetize with AI.,AI를 활용해 어떻게 수익화할 수 있을지는 결국 우리가 보유한 여행자의 퍼스트 파티 데이터에 달려 있습니다. 이 데이터가 성패를 가를 것입니다.,「旅行者に関する当社のファーストパーティデータが、AIを活用して収益化できるかどうかを左右するでしょう」,我们的一手旅客数据，将在我们如何通过 AI 实现变现这一点上，决定成败。,"VP Strategy & Marketing, Global Travel App","— 글로벌 여행 앱, 전략 & 마케팅 VP","グローバル旅行アプリ
戦略&マーケティング担当バイスプレジデント",战略与营销副总裁，全球旅游 App,"AI will reshape planning and booking, exposing weak loyalty and fragile trust.","AI는 여행 계획부터 예약까지의 흐름을 재편하며, 여행 브랜드의 낮은 충성도와 취약한 신뢰 구조를 드러낼 것입니다.",AIが計画と予約のプロセスを再形成し、ロイヤルティと信頼性の低さを露呈させています。,AI 将重塑规划与预订流程，从而暴露出用户忠诚度薄弱以及信任基础脆弱的问题。,High,높음,高い,高,"High risk as AI compresses inspiration, search, and comparison into one flow.","AI가 인지부터 검색, 비교까지의 과정을 하나로 묶으면서, 발견 단계 전반에서 높은 변화 리스크가 나타나고 있습니다.",AIがインスピレーション、検索、比較を1つのフローに凝縮するため、非常に大きなリスクにさらされています。,随着 AI 将灵感获取、搜索和比价压缩为单一流程，颠覆风险处于较高水平。,High,높음,高い,高,Travel is highly exposed as AI intermediates data and booking flows.,"AI가 데이터와 예약 과정에 개입하면서, 여행 산업은 AI 영향에 크게 노출되고 있습니다.",AIがデータの提供や予約フローを仲介するため、旅行業界は非常に大きなリスクにさらされています。,旅游行业高度暴露于颠覆之中，因为 AI 正在对数据与预订流程进行中介化处理。,High,높음,高い,高,Price and availability data are already aggregated by search aggregators. AI can extend this practice and reduce reliance on existing platforms. There are limited regulatory barriers on things like merchant transactions and licensing.,"가격과 재고 정보는 이미 검색/비교 서비스를 통해 재공되고 있으며, AI는 이를 확장해 기존 플랫폼 의존도를 낮출 수 있습니다. 판매자 거래나 라이선싱과 관련한 규제 장벽도 크지 않습니다.",価格や空き状況のデータは、すでにメタサーチによって集約されています。AIはこの手法をさらに拡大し、既存プラットフォームへの依存度を低下させる可能性があります。また、加盟店との取引やライセンスに関する規制上の障壁も限られています。,价格和可用性数据已经被搜索聚合平台所整合。AI 可以进一步扩展这一做法，从而降低对现有平台的依赖。在商户交易、牌照等方面，监管壁垒相对有限。,"Low customer relationship strength due to weak loyalty, higher paid traffic, and greater engagement on web.","낮은 고객 충성도와 유료 트래픽 의존, 웹 중심의 참여 구조로 인해 전반적인 고객 관계 강도가 낮습니다.",ロイヤルティが低い上、有料トラフィックへの依存度が高く、Webサイトでの利用が中心であることから、顧客との関係が弱い状態にあります。,由于忠诚度较弱、对付费流量依赖更高，以及更多互动发生在 Web 端，客户关系强度偏低。,6.3,6.3,6.3,6.3,"Organic demand is moderate, with SEO and direct
playing a major role alongside paid search.","광고 없이 발생하는 오가닉 유입은 중간 수준으로, SEO와 직접 유입이 유료 검색과 함께 주요 유입 경로를 형성하고 있습니다.",自然流入の割合は中程度です。SEOとダイレクトトラフィックが大きな役割を果たしていますが、それと並んで有料検索への依存も依然として高い状態にあります。,自然需求处于中等水平，其中 SEO 和直接访问与付费搜索一道发挥着重要作用。,4.4,4.4,4.4,4.4,"Loyalty is low to moderate. Repeat behavior exists
but is fragmented across flights, hotels, and cars,
with brand trust varying by product type.","고객 충성도는 전반적으로 낮거나 중간 수준에 그칩니다. 재이용은 일부 나타나지만, 항공, 호텔, 렌터카 등 상품군별로 이용 행태가 다르게 나타나며 브랜드 신뢰도 역시 상품 유형에 따라 차이를 보입니다.",ロイヤルティは「低〜中」程度です。リピート行動は見られますが、航空券、ホテル、レンタカーなど利用目的が分散しており、商品タイプによってブランドへの信頼度も異なります。,忠诚度处于低至中等水平。虽然存在重复使用行为，但这种行为分散在航班、酒店和汽车等不同品类中，且品牌信任度会因产品类型不同而有所差异。,5.7,5.7,5.7,5.7,"Engagement is spread across web and app, supported by social and display. Search aggregators are central to comparison and research.","웹과 앱 전반에 걸쳐 유저 참여가 분산되어 있으며, 소셜과 디스플레이는 핵심적인 유입 채널입니다. 비교 및 리서치 단계에서는 검색/비교 서비스가 결정적인 역할을 합니다.",エンゲージメントはWebサイトとアプリに分散しており、SNSやディスプレイ広告がこれを支えています。比較やリサーチにおいては、メタサーチ（比較サイトなど）が中心的な役割を担っています。,用户参与分布在 Web 与 App 之间，并由社交渠道和展示广告所支撑。搜索聚合平台在比价和研究中处于核心地位。
Gaming,게임,ゲーム,游戏,"Mobile games across casual, mid-core, and social formats","캐주얼, 미드코어, 소셜 장르 전반의 모바일 게임",カジュアルゲーム、ミッドコアゲーム、ソーシャルゲームを含むモバイルゲーム,覆盖休闲、中度与社交玩法形态的移动游戏,"Roblox, Candy Crush, Monopoly Go, Pokemon Go, Royal Match",,,,"Mobile gaming enjoys some protection from service disruption but relatively weak loyalty creates some vulnerability from discovery disruption. While AI cannot replicate gameplay or live operations, moderate retention and paid-heavy acquisition leave gaming exposed as discovery channels shift. App-native engagement provides defense, but without stronger retention mechanics, user acquisition costs may climb.","모바일 게임 산업은 서비스 특성상 AI로 인해 즉각적으로 대체될 가능성은 낮습니다. 낮은 고객 충성도로 인해 유입 채널의 변화에는 취약한 모습을 보입니다. AI가 게임 플레이나 라이브 운영을 그대로 재현할 수는 없지만, 중간 수준의 리텐션과 유료 광고 중심의 유저 확보 방식은 발견 환경의 변화에 게임 산업을 무방비하게 노출시킵니다. 앱 중심의 인게이지먼트는 일정 부분 완충 역할을 하지만, 장기적인 리텐션 장치가 충분히 갖춰지지 않을 경우 유저 확보 비용 상승으로 이어질 가능성이 큽니다.",モバイルゲーム業界は、サービスのディスラプションからある程度保護されているものの、ロイヤルティが比較的低いため、発見プロセスのディスラプションに対して、それなりの脆さを抱えています。AIがゲームプレイやゲームのライブ運営を完全に再現することはできませんが、定着率がそれほど高くなく、顧客獲得を有料広告に大きく依存しているため、発見チャネルの変化による影響を受けます。アプリネイティブな環境でのエンゲージメントが防御壁となりますが、ユーザーの定着を促す、より強力な仕組みを構築しなければ、ユーザー獲得コストの上昇を招く恐れがあります。,移动游戏在服务层面的颠覆方面仍享有一定保护，但相对较弱的用户忠诚度，使其在发现环节面临一定脆弱性。尽管 AI 无法复制具体的游戏玩法或实时运营机制，但中等水平的留存率以及对付费获客的高度依赖，使得当发现渠道发生变化时，游戏品类仍然暴露在风险之中。App 原生的互动体验在一定程度上提供了防御能力，但如果缺乏更强的留存机制，用户获取成本可能会持续上升。,"AI is great for speeding up creative iterations, but it doesn't replace the actual game or the player experience—those come from years of development, IP, and live-ops.","AI는 크리에이티브 반복 작업의 속도를 높이는 데는 매우 효과적이지만, 실제 게임이나 플레이 경험을 대체할 수는 없습니다. 그런 핵심 가치는 수년에 걸친 개발 경험, IP, 그리고 라이브 운영을 통해 만들어지기 때문입니다.",「AIはクリエイティブのイテレーションを加速させるには素晴らしいツールですが、実際のゲームやプレイヤー体験を代替するものではありません。それらは長年にわたって積み重ねてきた開発や知的財産、ライブ運営から生まれるものだからです」,AI 非常适合加速创意迭代，但它并不能取代真正的游戏本身或玩家体验——这些都来自多年积累的开发能力、IP 以及持续运营。,"Product Marketing Director, Leading Gaming Publisher","글로벌 게임 퍼블리셔, 프로덕트 마케팅 디렉터","大手ゲームパブリッシャー
プロダクト・マーケティング・ディレクター",产品营销总监，头部游戏发行商,"Compared to other industries, gaming has a lower risk of AI taking over the service, because the unique value is the proprietary pool of IP, player data, and communities that only publishers control.","다른 산업과 비교하면, 게임은 AI가 서비스 자체를 대체할 위험이 더 낮습니다. 그 이유는 게임의 고유한 가치가 퍼블리셔만이 통제하는 IP 자산, 플레이어 데이터, 그리고 커뮤니티라는 독점적인 자산에 있기 때문입니다.",「他の業界に比べると、ゲーム業界はサービス自体がAIに乗っ取られるリスクは低いです。パブリッシャーだけが管理する、独自に培った知的財産、プレイヤーデータ、コミュニティに、他にはない価値があるからです」,与其他行业相比，游戏在 AI 接管服务层面的风险更低，因为其独特价值来自只有发行商才能掌控的专有 IP 资产、玩家数据池以及玩家社区。,"Partnerships Director, Leading AI Company","선도 AI 기업, 파트너십 디렉터","大手AI企業
パートナーシップディレクター",合作伙伴负责人，头部 AI 公司,"If I want direct, immediate access and visuals of the games, I'll just go to the App Store. ChatGPT will only send me links there, so the app stores remain the primary anchor.","게임을 직접 보고, 즉각적으로 접근하고, 시각적인 정보까지 확인하고 싶다면 저는 그냥 앱 스토어로 갑니다. ChatGPT는 결국 그쪽으로 가는 링크를 보내줄 뿐이기 때문에, 앱 스토어는 여전히 가장 중요한 출발점 역할을 합니다.",「ゲームに直接すぐにアクセスしたい、あるいはビジュアルを確認したい場合、私はApp Storeに行きます。ChatGPTは結局そこへのリンクを提供してくれるだけなので、アプリストアが依然として中心的な役割を果たし続けます」,如果我想要直接、即时地获取游戏内容并看到相关画面，我就会直接去 App Store。ChatGPT 只会把链接指向那里，因此应用商店仍然是最主要的锚点。,"Product Marketing Director, Global Gaming Publisher","글로벌 게임 퍼블리셔, 프로덕트 마케팅 디렉터","グローバルゲームパブリッシャー
プロダクト・マーケティング・ディレクター",产品营销总监，全球游戏发行商,"Complex game creation and proprietary player data create defenses against AI service disruption, offsetting some vulnerability in discovery shifts.","복잡한 게임 제작 구조와 독점적인 플레이어 데이터는 AI로 인한 리스크에 대한 영향을 줄이고, 유저 발견 방식의 변화로 인한 취약성도 일부 완화합니다.",複雑なゲーム制作プロセスと独自のプレイヤーデータが、AIによるサービスのディスラプションから防御し、発見プロセスの変化に対する脆さを一部相殺しています。,复杂的游戏创作流程以及专有的玩家数据，为应对 AI 在服务层面的颠覆提供了防御能力，在一定程度上抵消了发现路径变化所带来的脆弱性。,Moderate,중간,中程度,中等,Moderate disruption due to exposure to paid search and social.,유료 검색과 소셜 채널에 대한 의존으로 인해 중간 수준의 변화 리스크가 나타나고 있습니다.,有料検索やSNS広告経由での流入が多いため、中程度のディスラプションリスクがあります。,由于暴露于付费搜索和社交渠道，颠覆程度处于中等水平。,Very Low,매우 낮음,極めて低い,极低,"While AI can generate creative assets (graphics, basic design), it cannot replicate the full game development pipeline or ongoing service and community management.","AI가 그래픽이나 기본 디자인 등 크리에이티브를 생성할 수는 있지만, 게임 개발 전반의 제작 과정이나 지속적인 서비스 운영, 커뮤니티 관리를 완전히 대체하기에는 아직 한계가 있습니다.",AIはクリエイティブ素材（グラフィックや基本的なデザイン）を生成することはできますが、ゲーム開発の全工程や、継続的なサービスの運営、コミュニティ管理まで代替することはできません。,尽管 AI 可以生成创意素材（如图片和基础设计），但目前仍无法复制完整的游戏开发流程，或持续性的服务运营与社区管理。,Low,낮음,低い,低,"Publishers hold proprietary gameplay and monetization data, which is essential to optimization.",퍼블리셔는 최적화에 필수적인 독점적 게임플레이 및 수익화 데이터를 보유하고 있습니다.,パブリッシャーは、最適化に不可欠な独自のゲームプレイデータや収益化データを保有しています。,发行商掌握专有的玩法数据和变现数据，而这些数据对于优化至关重要。,Low customer relationship strength due to weak loyalty and higher reliance on paid traffic.,낮은 고객 충성도와 높은 유료 트래픽 의존도로 인해 고객 관계 강도는 낮은 편입니다.,ロイヤルティが低く、有料トラフィックへの依存度が高いことから、顧客との関係が弱い状態にあります。,由于忠诚度较弱且更依赖付费流量，客户关系强度偏低。,5.8,5.8,5.8,5.8,"Established games benefit from well-known IP, app store rankings, and social buzz that drive organic installs. Newer games rely more heavily on paid acquisition, especially during launches.","기존에 자리 잡은 게임들은 인지도가 높은 IP, 앱스토어 랭킹, 소셜에서의 화제성을 바탕으로 오가닉 설치가 지속적으로 발생합니다. 반면 신작 게임은 특히 출시 초기에는 유료 유저 확보에 대한 의존도가 더 높습니다.",すでに高い評価を得ている人気ゲームは、知名度の高い知的財産、アプリストアのランキング、SNSでの話題性によってオーガニックなインストールを獲得しています。一方、新作ゲームは、有料広告に大きく依存しています（特にローンチの際）。,成熟游戏受益于知名 IP、应用商店排名以及社交声量，从而推动自然安装量的增长。较新的游戏则更加依赖付费获客，尤其是在产品发布阶段。,5.9,5.9,5.9,5.9,"Retention rides on post-launch engagement (i.e., events, promos, new modes) and in-game personalization. Engaged cohorts remain throughout event cycles, while casual players churn between updates.","리텐션은 출시 이후의 참여 요소(이벤트, 프로모션, 신규 모드)와 게임 내 개인화 요소들에 크게 좌우됩니다. 참여도가 높은 유저 그룹은 이벤트 사이클 전반에 걸쳐 유지되는 반면, 캐주얼 유저는 업데이트 구간 사이에서 이탈하는 경향이 나타납니다.",定着率は、ローンチ後のエンゲージメント（イベント、キャンペーン、新モードの追加など）やゲーム内のパーソナライゼーションに左右されます。熱心なユーザー層はイベントサイクル全体を通して利用を継続しますが、ライトユーザーはアップデートの合間に離脱することがあります。,留存依赖于上线后的持续参与（例如活动、促销、新玩法）以及游戏内的个性化体验。高度参与的用户群体会贯穿整个活动周期持续留存，而休闲用户则往往在更新间隔期流失。,9.9,9.9,9.9,9.9,"Gameplay, spending, and engagement (push notifications, messaging) happen entirely in-app. Web presence is secondary for trailers, support, and community forums.","게임 플레이, 결제, 푸시 알림과 메시징 등 주요 활동은 전적으로 앱 내에서 이루어집니다. 웹은 트레일러, 고객 지원, 커뮤니티 포럼 등 보조적인 역할을 합니다.",ゲームプレイ、課金、エンゲージメント（プッシュ通知やメッセージ）はすべてアプリ内で完結します。Webサイトは、トレイラー、サポート、コミュニティフォーラムなどの補助的な役割にとどまっています。,游戏玩法、消费行为以及互动（推送通知、消息）完全发生在 App 内。Web 端的存在主要用于预告片、客服支持以及社区论坛等次要用途。
Education,교육,教育,教育,"Digital-first learning platforms, classroom support tools, and study-aid platforms","디지털 중심 학습 플랫폼, 수업 지원 툴, 학습 보조 플랫폼",デジタルファーストの学習プラットフォーム、授業支援ツール、学習補助プラットフォーム,以数字化为核心的在线学习平台、课堂支持工具与学习辅助平台,"Brainly, duolingo, Kahoot!, Coursera, udemy",,,,"Education faces the second-highest disruption risk as AI can deliver personalized lessons at near-zero cost. With moderate retention and heavy SEO reliance, pure content platforms are vulnerable while those with certifications maintain some defense. The shift from ""searching to learn"" to ""AI teaches directly"" threatens traditional online education models unless platforms emphasize credentials and human validation.","교육 산업은 AI가 거의 비용 부담 없이 개인 맞춤형 학습을 제공할 수 있게 되면서, 전 산업 중 두 번째로 큰 변화 리스크에 놓여 있습니다. 리텐션은 보통 수준에 그치고 검색 유입에 대한 의존도가 높은 구조로 인해, 콘텐츠 중심의 교육 플랫폼은 특히 취약한 반면 자격증이나 공식 인증을 제공하는 플랫폼은 상대적으로 안정적인 위치를 유지하고 있습니다. ‘검색해서 배우는 방식’에서 ‘AI가 직접 가르치는 방식’으로 환경이 전환되면서, 자격과 검증, 그리고 사람의 개입을 강조하지 않는 기존 온라인 교육 모델은 구조적인 한계에 직면하고 있습니다.",教育業界は、全業界で2番目に高いディスラプションのリスクに直面しています。これは、AIによってパーソナライズされたレッスンをほぼゼロコストで提供できるようになったためです。定着率は中程度で、SEOへの依存度が高いため、単にコンテンツを提供するプラットフォームは脆弱な立場にありますが、資格認定を伴うサービスは一定の防御力を維持しています。「学ぶために検索する」から「AIが直接教える」へのシフトは、プラットフォームが「認証情報」や「人間による検証」を求めない限り、従来のオンライン教育モデルを脅かすことになります。,教育行业面临第二高的颠覆风险，其原因在于 AI 能够以接近零成本的方式提供个性化教学内容。在留存率处于中等水平、且高度依赖 SEO 流量的情况下，纯内容型平台面临较大脆弱性，而具备认证体系的平台则仍保留一定防御能力。从“通过搜索来学习”向“由 AI 直接教学”的转变，正在威胁传统在线教育模式，除非平台能够强化资质认证以及人类专家的验证价值。,"Search has historically been our strongest channel, but we're seeing growing pressure as AI summaries start showing up even above paid results.","검색은 오랫동안 가장 강력한 핵심 채널이었지만, 최근에는 AI 요약 결과가 유료 검색 결과보다 위에 노출되기 시작하면서 점점 더 큰 압박을 느끼고 있습니다.",「これまでは『検索』が当社にとって最強のチャネルでしたが、最近は有料検索結果のさらに上に『AIによる概要』が表示されるようになり、圧力の高まりを感じています」,搜索历来是我们最重要的渠道，但随着 AI 摘要内容开始出现在甚至高于付费结果的位置，这一渠道正承受越来越大的压力。,"Global Head of Marketing Strategy, Education App","교육 앱, 글로벌 마케팅 전략 총괄","教育アプリ
マーケティング＆戦略部門グローバル責任者",全球营销战略负责人，教育类 App,"In education, where information is a commodity, LLMs can deliver personalized lessons at near-zero marginal cost.","교육에서는 이제 정보 자체보다, 개인에게 맞게 어떻게 전달하느냐가 더 중요해졌습니다. LLM은 이러한 맞춤형 수업을 거의 추가 비용 없이 제공할 수 있습니다.",「情報がコモディティ化されている教育業界では、LLMによって、増分コストがほぼゼロでパーソナライズされたレッスンを提供できます」,在教育领域，当信息本身已经商品化时，LLM 可以以接近零边际成本的方式提供个性化课程。,"Partnerships Director, LLM","LLM, 파트너십 디렉터","LLM開発会社
パートナーシップディレクター",合作伙伴负责人，LLM 平台,,,,,,,,,High exposure to AI disruption driven by both discovery and service disruption from replicable workflows and fewer content barriers.,"워크플로우의 재현 가능성과 낮은 콘텐츠 진입 장벽으로 인해, 발견 단계와 서비스 영역 모두 AI로 인한 변화 리스크가 높습니다.",AIによる再現が可能なワークフローに加え、コンテンツへのアクセスがあまり制限されていないため、発見プロセスとサービスの両方においてAIディスラプションの大きな脅威にさらされています。,由于工作流易于复制且内容壁垒较低，在发现和服务两个层面同时受到影响，整体对 AI 颠覆呈现高度暴露。,High,높음,高い,高,High disruption due to high exposure to organic channels and paid search.,"오가닉 채널과 유료 검색에 대한 의존도가 높아, 변화 리스크가 크게 나타나고 있습니다.",オーガニックチャネルや有料検索への依存度が高いため、ディスラプションの影響を大きく受けています。,由于对自然渠道和付费搜索的高度依赖，颠覆程度较高。,High,높음,高い,高,"AI can already create full course flows, practice materials, and quizzes. Certification is the only piece they cannot
yet replicate.","AI는 이미 전체 강의 구성과 학습 자료, 퀴즈까지 생성할 수 있으며, 아직까지 대체하지 못하는 영역은 자격 인증뿐입니다.",AIはすでにコースの流れ、練習問題、クイズなどをすべて作成できます。AIがいまだに再現できない要素は「資格認定」だけです。,AI 已经能够生成完整的课程流程、练习材料和测验内容，而认证体系是目前唯一尚无法被复制的部分。,High,높음,高い,高,Most learning content and knowledge domains are publicly available with no proprietary ownership.,대부분의 학습 콘텐츠와 지식 정보는 공개적으로 접근 가능해 특정 주체가 이를 독점하기는 어렵습니다.,ほとんどの学習コンテンツやナレッジセクションは一般公開されており、独占的に所有されていません。,大多数学习内容和知识领域都是公开可获取的，并不存在专有所有权。,Customer relationship strength is moderate due to slightly lower loyalty and greater engagement on web-based platforms.,고객 충성도가 다소 낮고 웹 기반 플랫폼에서의 이용 비중이 높아 고객 관계 강도는 중간 수준에 머물러 있습니다.,ロイヤルティがやや低く、Webベースのプラットフォームでの利用が多いため、顧客関係の強さは「中程度」にとどまっています。,由于忠诚度略低且更多互动发生在以 Web 为主的平台上，客户关系强度处于中等水平。,7.4,7.4,7.4,7.4,"Education queries drive steady stream of organic demand, supported by SEO and answer engine optimization (AEO) as well as higher education partnerships. Paid channels are used for supplemental growth.","교육 관련 검색은 비교적 안정적인 오가닉 유입으로 이어지고 있으며, SEO와 AEO(담변 엔진 최적화), 교육 기관과의 파트너십이 이를 강화하고 있습니다. 유료 채널은 성장 가속을 위한 보완적 역할을 합니다.",教育関連の検索クエリが安定した自然流入をもたらし、SEOやAEO（回答エンジン最適化）、高等教育機関との提携がこれを支えています。有料チャネルは成長を補完的に支えるために使用されます。,教育相关查询带来持续稳定的自然需求，这一需求由 SEO、答案引擎优化（AEO）以及高等教育合作关系所支撑。付费渠道主要用于补充增长。,6.4,6.4,6.4,6.4,"Learners in certificate or cohort-based programs tend
to persist, aided by progress nudges and structured
deadlines. Casual learners drop off faster.",자격증 과정이나 집단형 학습 프로그램에 참여한 학습자는 진도 알림과 구조화된 일정 덕분에 학습 지속률이 높은 편입니다. 반면 일반 학습자는 이탈 속도가 빠릅니다.,資格取得コースや期間が固定されているプログラムの受講者は、進捗管理の通知や期限設定に後押しされ、受講を継続する傾向がありますが、目的意識が低い学習者はすぐに離脱しがちです。,参与证书制或分组学习项目的学习者往往能够持续留存，这得益于进度提醒以及结构化的截止期限。休闲型学习者流失速度更快。,6.7,6.7,6.7,6.7,"Apps are central for micro-learning, quizzes, and
reminders. Long videos and assignments still skew
web-first. Both app
and web play complementary roles in sustaining
engagement.","앱은 짧은 학습 세션, 퀴즈, 학습 리마인드에 주로 활용됩니다. 반면, 긴 형식의 영상 콘텐츠와 과제는 여전히 웹 중심으로 소비됩니다. 앱과 웹은 각기 다른 강점을 바탕으로 유저 참여를 지속적으로 유지합니다.",マイクロラーニング（短時間の学習）やクイズ、リマインダーはアプリが中心です。一方、長い動画や課題の提出は依然としてWebサイトが主流です。アプリとWebサイトが補完し合ってエンゲージメントを維持しています。,App 在微学习、测验以及提醒功能中处于核心位置。较长的视频内容和作业仍然以Web 为先。App与 Web 在维持用户参与方面发挥着互补作用。
News,뉴스,ニュース,新闻,Digital news platfroms,디지털 뉴스 플랫폼,デジタル・ニュース・プラットフォーム,数字新闻平台,"CNN, BBC, Newsbreak, NYTimes, Reuters, Fox News",,,,"News faces the highest disruption risk with AI summarizing stories in zero-click answers. Organic traffic has already fallen 26% as AI aggregates and summarizes content (Similarweb 2025). With weak loyalty and overwhelming web dependence, publishers must pivot to investigative depth and direct reader relationships through apps and newsletters or risk becoming invisible content suppliers to AI systems.","뉴스 산업은 AI가 기사 내용을 요약해 클릭 없이 소비되는 ‘제로 클릭’ 형태로 제공하면서 가장 큰 변화 리스크에 직면해 있습니다. AI가 콘텐츠를 집계하고 요약하는 방식이 확산되며 오가닉 트래픽은 이미 26% 감소했습니다(Similarweb, 2025). 전반적으로 낮은 독자 충성도와 높은 웹 의존도를 가진 구조에서, 언론사는 탐사보도와 같은 깊이 있는 콘텐츠를 강화하고 앱, 뉴스레터를 통해 독자와의 직접적인 관계를 구축하지 못할 경우 AI 시스템에 콘텐츠만 공급하는 존재로 밀려날 위험이 큽니다.",ニュース業界は、AIが記事を要約し、ゼロクリック回答を提供するようになったため、全業界で最も高いレベルのディスラプションリスクにさらされています。AIがコンテンツを集約・要約するようになった結果、オーガニックトラフィックはすでに26％減少しています。ロイヤルティが低く、Webサイトへの依存度が圧倒的に高いため、パブリッシャーは調査内容の深化に加え、アプリやニュースレターを通じた読者との直接的な関係構築へと転換する必要があります。そうでなければ、AIシステムに対する「目に見えないコンテンツ供給業者」と化すリスクがあります。,新闻行业面临最高级别的颠覆风险，因为 AI 能够以零点击答案的形式直接对新闻内容进行摘要呈现。随着 AI 对内容的聚合与总结，自然流量已下降 26%（Similarweb，2025）。在用户忠诚度较弱、且极度依赖 Web 流量的情况下，新闻出版商必须转向更具深度的调查报道，并通过 App 和新闻通讯建立直接的读者关系，否则将面临沦为 AI 系统“隐形内容供应商”的风险。,"When someone clicks from an ad and comes to our site, they're still highly likely to subscribe. But if they've already gotten the content from the LLM, they might not need more—they're less likely to convert.","광고를 클릭해 사이트로 유입된 유저는 여전히 구독으로 이어질 가능성이 높습니다. 하지만 LLM을 통해 이미 콘텐츠를 소비한 경우에는 추가로 더 볼 필요를 느끼지 못해, 전환 가능성이 낮아집니다.",「広告経由でサイトに来てくれた人は、依然として高い確率でサブスクリプション登録をしてくれます。しかし、もし彼らがすでにAIでコンテンツを取得している場合、それ以上の情報は必要ないかもしれません。つまり、コンバージョンに至る可能性が低くなります」,当用户通过广告点击进入我们的网站时，他们仍然有很高的订阅概率。但如果他们已经从 LLM 那里获取了内容，就可能不再需要更多信息——转化意愿也会明显降低。,"SVP Brand Marketing, Leading News Publisher","주요 뉴스 퍼블리셔, 브랜드 마케팅 SVP","大手ニュースパブリッシャー
ブランドマーケティング担当
シニアバイスプレジデント",品牌营销高级副总裁，头部新闻出版机构,"Big events like elections, economic shifts, and breaking news are a big","선거, 거시 경제 변화, 속보와 같은 큰 이벤트는 유저의 관심을 끌고 오가닉 트래픽을 만들어내는 데 핵심적인 역할을 합니다.",「選挙や経済の変化、ニュース速報といった重要なイベントは、ユーザーの意図を喚起し、オーガニックトラフィックを牽引する大きな要素です。これらが検索をトリガーすることがよくあります」,诸如选举、经济变化以及突发新闻等重大事件，是推动用户意图和自然流量的重要组成部分。,component of driving intent and organic traffic.,"주요 뉴스 퍼블리셔, 브랜드 마케팅 SVP","大手ニュースパブリッシャー ブランドマーケティング担当
シニアバイスプレジデント",品牌营销高级副总裁，头部新闻出版机构,"Price and loyalty discounts also anchor retention, alongside brand trust and exclusive reporting.","리텐션은 브랜드 신뢰와 독점 보도뿐만 아니라, 가격과 충성 고객 대상 할인에 의해서도 유지됩니다.",「ブランドへの信頼や独占レポートと並んで、価格やロイヤルティ割引も利用継続を促す柱となっています」,价格因素和忠诚度折扣同样在留存方面起到锚定作用，同时还包括品牌信任以及独家报道内容。,"SVP Brand Marketing, Leading News Publisher","주요 뉴스 퍼블리셔, 브랜드 마케팅 SVP","大手ニュースパブリッシャー ブランドマーケティング担当
シニアバイスプレジデント",品牌营销高级副总裁，头部新闻出版机构,High exposure to disruption as AI summarizes news and shifts discovery channel mix.,"AI가 뉴스를 요약 제공하면서 발견 채널 구성이 변화하고, 그에 따라 AI로 인한 변화 리스크도 높습니다.",AIがニュースを要約し、発見チャネルの構成に変化をもたらしているため、ディスラプションの影響を大きく受けています。,随着 AI 对新闻内容进行摘要并改变发现渠道结构，行业面临高度的颠覆暴露。,Moderate,중간,中程度,中等,"Moderate disruption due to exposure to social, paid search, and organic search.","소셜, 유료 검색, 오가닉 검색에 대한 의존으로 인해 중간 수준의 변화 리스크가 나타나고 있습니다.",SNS、有料検索、オーガニック検索の利用により、中程度のリスクがあります。,由于暴露于社交、付费搜索以及自然搜索渠道，颠覆程度处于中等水平。,Very High,매우 높음,極めて高い,极高,AI already summarizes and curates news in zero-click answers and can deliver daily briefs that substitute for browsing a publisher site.,"AI는 이미 클릭 없이 제공되는 요약 답변을 통해 뉴스를 정리·선별하고 있으며, 언론사 사이트를 직접 둘러보지 않아도 되는 일일 브리핑까지 제공합니다.",AIはすでにゼロクリック回答でニュースの要約やキュレーションを行っています。そのため、パブリッシャーのサイトを閲覧する代わりに、AIが提供する「一日のニュースのまとめ」を読むようになる可能性があります。,AI 已经能够通过零点击答案对新闻内容进行摘要和精选新闻，并提供每日简报，从而替代用户浏览新闻出版商网站的行为。,Very High,매우 높음,極めて高い,极高,"Core content (i.e., headlines, summaries, historical articles) is widely available and crawlable. Proprietary archives and user data exist, but AI can answer many queries from public and partner sources. There are few active regulations today, so no rules prevent aggregation to answer queries.","핵심 콘텐츠(헤드라인, 요약문, 과거 기사 등)는 이미 광범위하게 공개되어 있으며 크롤링 또한 가능한 상태입니다. 일부 독점 아카이브나 유저 데이터가 존재하긴 하지만, AI는 공개 데이터와 파트너 소스를 활용해 상당수의 질의에 답변할 수 있습니다. 현재로서는 적극적으로 적용되는 규제가 많지 않아, 질의 응답을 위한 데이터 집계를 제한하는 제약은 존재하지 않습니다.",主要なコンテンツ（見出し、要約、過去の記事）は広く公開されており、クローリングが可能です。独自のアーカイブやユーザーデータは存在するものの、AIは公開情報や提携ソースを活用して多くの質問に答えられます。現在、この分野に関して実効性のある規制はほとんどなく、質問への回答を目的とする情報集約を妨げる規則もありません。,核心内容（例如标题、摘要和历史文章）广泛存在且可被抓取。尽管存在专有档案和用户数据，但 AI 仍然可以通过公共来源和合作方数据回答大量查询。目前几乎没有有效的监管规定，因此不存在阻止通过聚合方式来回答查询的问题。,"Strong loyalty anchors engagement, yet paid conversion and engagement primarily on web makes customer relationship thin.","강한 고객 충성도가 참여를 일정 부분 뒷받침하고는 있지만, 전환과 참여가 웹 중심으로 이루어지면서 고객 관계는 얕은 편입니다.",高いロイヤルティがエンゲージメントを支えていますが、有料チャネル経由のコンバージョンやエンゲージメントが主にWebサイトで発生しているため、顧客との関係が弱い状態にあります。,较强的忠诚度支撑了用户参与，但转化主要依赖付费、且互动主要发生在 Web 端，使得客户关系依然偏薄弱。,6,6,6,6,"Organic pull comes from search, direct, and social sharing. Significant news cycles (i.e., elections, economic shifts, breaking news) drive spikes. Paid mostly amplifies subscription offers and boosts key stories.","오가닉 유입은 검색, 직접 방문, 소셜 공유를 중심으로 발생하며, 선거, 경제 변화, 속보 등 주요 뉴스 사이클에 따라 트래픽이 일시적으로 급증합니다. 유료 채널은 주로 구독 상품을 확산시키거나 핵심 콘텐츠의 도달 범위를 확대하는 역할을 합니다.",検索やダイレクトアクセス、SNSでの共有を通じて自然流入が発生しています。また、重要なニュースイベント（選挙、経済の変化、速報など）がトラフィックの急増を牽引します。有料チャネルは主に購読オファーや重要記事の拡散に使用されます。,自然拉力来自搜索、直接访问以及社交分享。重大的新闻周期（例如选举、经济变化、突发新闻）会带来流量高峰。付费投放主要用于放大订阅优惠并提升重点内容的曝光。,7.7,7.7,7.7,7.7,"Retention is built on daily habits, brand trust, and subscription value (i.e., exclusive reporting, pricing) for core users, but casual readers don't form strong routines. Push and email notifications as well as price offers are used to sustain engagement and limit churn.","리텐션은 핵심 유저의 일상적인 이용 습관과 브랜드에 대한 신뢰, 구독을 통해 제공되는 가치(독점 리포팅, 가격 혜택 등)를 기반으로 형성되는 반면, 가볍게 콘텐츠를 소비하는 독자를 대상으론 뚜렷한 이용 루틴을 만들기 어렵습니다. 푸시/이메일 알림과 가격 혜택은 참여를 이어가고 이탈을 완화하기 위한 보조적인 수단으로 활용됩니다.",コアユーザーの間では、日々の習慣、ブランドへの信頼、購読価値（独占レポートや特別価格など）が利用の継続を支えています。一方、ライトユーザーは、利用を習慣化しない傾向があります。エンゲージメントの維持と離脱防止のために、プッシュ通知やニュースレター、割引オファーが活用されています。,对核心用户而言，留存建立在日常使用习惯、品牌信任以及订阅价值（例如独家报道、定价权益）之上，但休闲读者并不会形成稳固的使用规律。通过推送通知、邮件通知以及价格优惠来维持参与度并限制流失。,2.2,2.2,2.2,2.2,Consumption remains web-first while apps used mainly by core subs. Newsletters and push notifications drive readers back to web for full articles.,"콘텐츠 소비는 여전히 웹 중심으로 이루어지며, 앱은 주로 핵심 구독자층이 활용합니다. 뉴스레터와 푸시 알림은 독자를 웹으로 다시 유입시켜 전체 기사 소비를 유도하는 역할을 합니다.",ニュース消費は依然としてWebサイト中心であり、アプリは主に熱心な購読者によって使用されています。ニュースレターやプッシュ通知は、記事全文が読めるWebサイトへと読者を誘導するのに役立ちます。,内容消费仍然以 Web 为主，而 App 主要由核心订阅用户使用。新闻通讯和推送通知会将读者引导回 Web 端阅读完整文章。
Auto Marketplaces,자동차 마켓플레이스,"自動車<customBreak />
マーケットプレイス",汽车交易平台,"Digital retailers, online review platforms, and leasing platforms","디지털 리테일러, 온라인 리뷰 플랫폼, 렌탈/리스 플랫폼",ECサイト、デジタルマーケットプレイス、オンライン・レビュー・プラットフォーム、リースプラットフォーム,数字化零售商、在线评价平台以及租赁平台,"Carvana, Edmunds, CarGurus, Autotrader, Kelly's blue book",,,,"Auto marketplaces face high disruption as AI aggregates listings and connects buyers directly to sellers. With the lowest relationship strength and heavy web dependence, pure lead-gen models risk disintermediation. Only those with proprietary inventory, dealer integrations, and real-time data feeds maintain defensibility as AI reshapes car shopping from browsing to conversational queries.","자동차 마켓플레이스는 AI가 다양한 매물 정보를 한데 모아 구매자와 판매자를 직접 연결할 수 있게 되면서 높은 변화 리스크에 직면해 있습니다. 고객 관계 강도가 가장 낮고 웹 의존도가 높은 리드 생성 중심 모델은, 중개 역할이 축소되며 시장에서 밀려날 가능성이 큽니다. AI로 인해 차량 구매 과정이 단순한 탐색에서 대화형 질의 중심으로 재편되는 상황에서, 독점적인 인벤토리와 딜러 연동, 실시간 데이터 피드를 확보한 플랫폼만이 경쟁력을 유지할 수 있습니다.",自動車マーケットプレイスは、AIが車両リストを集約し、買い手と売り手を直接結び付けることで、高いディスラプションのリスクにさらされています。顧客との関係が全業界で最も弱く、Webサイトへの依存度も高いため、単なるリード生成モデルは中抜きされるリスクがあります。AIによって車の購入体験が「ブラウジング」から「対話型クエリ」へと再構築される中、独自の在庫情報、ディーラーとのシステム連携、リアルタイムのデータフィードを提供できる企業のみが、防御力を維持することができます。,汽车交易平台面临较高的颠覆风险，因为 AI 正在聚合车辆列表信息，并将买家直接连接至卖家。在客户关系强度最低、且高度依赖 Web 的情况下，纯线索生成型模式面临被去中介化的风险。随着 AI 将汽车购物从浏览式体验重塑为对话式查询，只有掌握专有库存、与经销商深度集成并具备实时数据供给能力的平台，才能维持防御力。,"Discovery for cars is very visual: Users want to see the listings, apply filters, and compare. AI guidance can help, but it doesn’t replace browsing.","자동차를 알아보는 과정은 매우 시각적인 경험으로, 유저들은 매물을 직접 보고, 필터를 적용하며, 비교하는 과정을 원합니다. AI는 이를 보조할 수는 있어도, 이러한 탐색 과정을 완전히 대체하지는 못합니다.",「車選びのプロセスは非常に視覚的です。ユーザーは車両リストを見たり、フィルタリングしたり、比較したりしたいと考えています。AIによる案内は助けにはなりますが、ブラウジング体験に取って代わるものではありません」,汽车的发现过程高度依赖视觉体验：用户希望查看列表、使用筛选条件并进行比较。AI 指引可以提供帮助，但并不能取代浏览本身。,"CMO, Auto Marketplace","자동차 마켓플레이스, CMO","大手ニュースパブリッシャー
ブランドマーケティング担当
シニアバイスプレジデント",首席营销官（CMO），汽车交易平台,"Apps are mainly for core subscribers, but the classified browsing journey remains dominated by desktop and mobile web.","앱은 핵심 구독자 중심으로 사용되지만, 매물 탐색 과정은 여전히 데스크톱과 모바일 웹에서 주로 이루어집니다.",「コアな登録ユーザーはアプリを利用しているものの、クラシファイドをブラウジングするジャーニーの大部分は、依然としてデスクトップやモバイルWebサイトが占めています」,App 主要服务于核心订阅用户，但分类信息的浏览路径仍然主要由桌面端和移动 Web 主导。,"CMO, Auto Marketplace","자동차 마켓플레이스, CMO","自動車マーケットプレイス
最高マーケティング責任者",首席营销官（CMO），汽车交易平台,"We're seeing less visibility on Google due to AI Overviews, but traffic still flows through search—car buyers want specifics, not summaries.","AI 오버뷰로 인해 Google에서의 노출은 줄어들고 있지만, 트래픽 자체는 여전히 검색을 통해 유입되고 있습니다. 차량 구매자는 요약이 아닌, 구체적인 정보를 원하기 때문입니다.",「『AIによる概要』によってGoogleでの露出は低下していますが、トラフィックは依然として検索経由で流入しています。車の購入者は『概要』ではなく『具体的な情報』を求めているからです」,由于 AI Overview 的出现，我们在 Google 上的可见度正在下降，但流量仍然通过搜索进入——购车者需要的是具体信息，而不是摘要。,"CMO, Auto Marketplace","자동차 마켓플레이스, CMO","自動車マーケットプレイス
最高マーケティング責任者",首席营销官（CMO），汽车交易平台,"Rising disruption threat as AI tools aggregate listings and connect buyers and sellers, but proprietary inventory remains a moat.","AI 툴이 매물을 한데 모아 거래를 직접 연결하면서 변화 리스크는 커지고 있지만, 독점적인 인벤토리는 여전히 경쟁 우위로 작용하고 있습니다.",AIツールが車両情報を集約し、買い手と売り手を直接つなぐことでディスラプションの脅威が高まっていますが、独自の在庫情報は引き続き「モート（堀）」として機能しています。,随着 AI 工具聚合商品列表并直接连接买卖双方，颠覆威胁不断上升，但专有库存仍然构成重要护城河。,Moderate,중간,中程度,中等,Moderate disruption due to exposure to affiliates and paid search.,제휴 채널과 유료 검색에 대한 의존으로 인해 중간 수준의 변화 리스크가 존재합니다.,アフィリエイトや有料検索経由での流入が多いため、中程度のリスクがあります。,由于暴露于联盟渠道和付费搜索，颠覆程度处于中等水平。,High,높음,高い,高,"AI can aggregate listings, summarize options, and connect buyers and sellers. Full handoff including verification and payment still depends on marketplace infrastructure.","AI는 매물을 한데 모아 선택지를 요약하고 구매자와 판매자를 연결할 수 있지만, 검증과 결제를 포함한 전 과정은 여전히 마켓플레이스 인프라에 의존합니다.",AIは車両情報の集約や選択肢の要約を行い、買い手と売り手をつなげることができます。しかし、本人確認や支払いを含む最終的な引き渡しには、依然としてマーケットプレイスのインフラが必要です。,AI 可以聚合商品列表、总结选项，并将买家与卖家连接起来；但包括验证和支付在内的完整交付，仍然依赖于平台自身的基础设施。,High,높음,高い,高,Used car marketplaces hold proprietary inventory feeds and financing integrations. New car data and dealer info is broadly public.,"중고차 마켓플레이스는 독점적인 차량 인벤토리 피드와 금융 연동 데이터를 보유하고 있는 반면, 신차 정보와 딜러 관련 데이터는 전반적으로 공개되어 있습니다.",中古車マーケットプレイスは独自の在庫フィードを提供し、ローン契約のシステムと連携しています。一方、新車のデータやディーラー情報は広く公開されています。,二手车交易平台掌握专有的库存数据接口和金融整合能力。新车数据以及经销商信息在整体上是公开的。,Customer relationships are limited by infrequent purchases and web-heavy engagement.,구매 빈도가 낮고 웹 중심의 참여 패턴으로 인해 고객 관계는 제한적인 수준에 머물러 있습니다.,購入頻度の低さとWebサイト中心のエンゲージメントにより、顧客関係の強さは限定的です。,客户关系受到购买频次较低以及以 Web 端互动为主的限制。,7.2,7.2,7.2,7.2,"Large share of traffic comes organically through direct visits, search, and SEO. Paid channels drive app installs and new users, but cost is high at first touchpoint.","전체 트래픽의 상당 부분은 직접 방문과 검색, SEO를 통한 오가닉 유입에서 발생합니다. 유료 채널은 앱 설치와 신규 유저 확보에 기여하지만, 초기 유입 단계에서는 비용 부담이 큰 편입니다.",トラフィックの大部分は、ダイレクトアクセス、検索、SEOによる自然流入です。有料チャネルはアプリのインストールや新規ユーザー獲得に貢献するものの、最初のタッチポイントのコストを押し上げています。,大量流量通过直接访问、搜索以及 SEO 以自然方式进入。付费渠道用于推动 App 安装和新用户获取，但在首次触达阶段成本较高。,6,6,6,6,"Retention is limited by long vehicle purchase cycles. Most users return only when actively in market, then drop off once vehicle purchase is complete.","리텐션은 차량 구매 주기가 길다는 특성으로 인해 제한됩니다. 대부분의 유저는 실제 구매를 검토하는 시점에만 다시 유입되며, 구매가 완료되면 이용이 빠르게 줄어드는 경향이 있습니다.",車両の購入サイクルが長いため、定着率は限定的です。ほとんどのユーザーは購入を検討している期間だけ再訪し、購入が完了すると離脱します。,留存受到车辆购买周期较长的限制。大多数用户仅在有明确购车需求时回访，而在车辆购买完成后便会流失。,2.5,2.5,2.5,2.5,"Consumption remains web-heavy as listings, filters, and dealer contact forms are optimized for web. App usage is limited.","매물 조회, 필터링, 딜러 문의 양식 등 주요 기능이 웹에 최적화되어 있어 콘텐츠 소비는 전반적으로 웹 비중이 높습니다. 앱 사용 비중은 제한적인 편입니다.",車両リストやフィルター、ディーラーへの問い合わせフォームがWebサイト向けに最適化されているため、利用は依然としてWebサイト中心で、アプリの利用は限定的です。,内容消费仍然高度依赖 Web，因为列表展示、筛选功能以及经销商联系表单均针对 Web 进行了优化。App 的使用受到限制。
Retail & eCommerce,리테일 및 이커머스,小売・Eコマース,零售与电商,"Digital-first marketplaces, re-commerce platforms, discount/deal platforms, and omni-channel retailers' digital storefronts","디지털 중심 마켓플레이스, 리커머스 플랫폼, 할인/딜 플랫폼, 옴니채널 리테일러의 디지털 매장",デジタルファーストのマーケットプレイス、リコマースプラットフォーム、割引・特典プラットフォーム、オムニチャネル小売業者向けデジタル店舗,以数字化为核心的电商平台、再流通（Re-commerce）平台、折扣/优惠平台，以及全渠道零售商的数字化店铺,"Amazon, Temu, Shein, eBay, Etsy, Walmart",,,,"Retail faces high risk of disruption as agentic commerce can enable AI to handle shopping end-to-end. Despite moderate loyalty, heavy exposure to search channels and AI's ability to aggregate product data could threaten direct relationships, signaling a potential future where retailers without unique inventory or fulfillment become commoditized suppliers in an AI-mediated marketplace.","리테일 산업은 에이전틱 커머스의 확산으로 AI가 쇼핑 전 과정을 대신 수행할 수 있게 되면서 높은 변화 리스크에 놓여 있습니다. 고객 충성도는 중간 수준이지만 검색 채널에 대한 노출도가 높고, AI가 방대한 제품 데이터를 종합·활용할 수 있다는 점에서 브랜드와 고객 간의 직접적인 관계가 약화될 가능성이 큽니다. 이로 인해 독자적인 상품 경쟁력이나 배송 및 운영 측면에서의 강점을 갖추지 못한 리테일러는, AI가 매개하는 마켓플레이스 환경에서 차별화 없는 공급자 역할에 머무를 가능성이 큽니다.",小売・EC業界は、AIエージェントがショッピングの全工程を代行する「エージェントコマース」の台頭により、深刻なディスラプションに直面しています。ロイヤルティが中程度あるものの、検索チャネルへの依存度が非常に高く、AIが商品データを集約できるようになったことで、顧客との直接的な関係が脅かされています。Amazonの「Buy for Me」機能に象徴されるように、今後、独自の在庫や物流網を持たない小売企業は、AIが介在する市場において、単なる「コモディティ化した供給業者」に成り下がるリスクがあります。,零售行业面临较高的颠覆风险，因为代理型商业模式使 AI 能够端到端地处理购物流程。尽管用户忠诚度处于中等水平，但对搜索渠道的高度暴露，以及 AI 对商品数据的聚合能力，正在威胁品牌与消费者之间的直接关系。这预示着一种潜在的未来：在由 AI 中介的市场中，缺乏独特库存或履约能力的零售商可能沦为被商品化的供应方。,"That page is not just for people like you, it is very specifically for you and your household… 100% personalized in almost every case, sooner rather than later.","쇼핑 경험은 개인은 물론 가구 단위까지 고려해, 거의 완전히 개인화되는 방향으로 진화하고 있습니다.",「そのページは単に『あなたのような人』向けではなく、『あなたとあなたの世帯』向けに特別に作られたものになります。遅かれ早かれ、ほぼすべてのケースで100%パーソナライズされるようになるでしょう」,那个页面并不是为‘像你这样的人’准备的，而是非常明确地为你本人以及你的家庭量身定制……在绝大多数情况下，几乎是百分之百的个性化，而且这种变化会比我们想象中来得更快。,"Head of Media, Global eCommerce Brand","글로벌 이커머스 브랜드, 미디어 총괄","グローバルEコマースブランド
メディア責任者",媒体负责人，全球电商品牌,"We are a business that's about 80 to 90% repeat business in a given month... but our trouble is mid-funnel, and that's why we spend a decent amount of money on the buyer side on promotions and life cycle.",우리 비즈니스는 월 기준으로 매출의 약 80~90%가 재구매에서 발생합니다. 다만 고객이 구매로 넘어오는 중간 단계(미드 퍼널)에서 어려움이 있습니다. 그래서 구매자 측에서 프로모션과 고객 유지/재구매를 위한 마케팅에 상당한 비용을 투입하고 있습니다.,「当社のビジネスは、月間取引の80〜90%がリピート客によるものですが、課題はミドルファネルにあります。そのため、購入者向けのプロモーションやライフサイクル施策にかなりの予算を投じています」,在某一个月内，我们的业务大约有 80% 到 90% 来自复购……但真正的问题出现在中部漏斗，这也是为什么我们在买方侧投入了相当多的预算，用于促销和生命周期运营。,"CMO, Global Retail Brand","글로벌 리테일 브랜드, CMO","グローバル小売ブランド
最高マーケティング責任者",首席营销官（CMO），全球零售品牌,"The bulk of our traffic is organic, meaning from organic social or just direct traffic that happens on its own - somewhere around 60-70%.",우리 트래픽의 대부분은 오가닉입니다. 오가닉 소셜이나 별도의 마케팅 없이 자연스럽게 발생하는 직접 유입이 약 60~70%를 차지합니다.,トラフィックの大部分はオーガニックです。つまり、SNSからの自然流入やダイレクトトラフィックが全体の約60〜70%を占めています」,我们的大部分流量都是自然流量，也就是说来自自然社交渠道，或者是自发产生的直接流量——大约在 60% 到 70% 之间。,"Head of Media, Global eCommerce Brand","글로벌 이커머스 브랜드, 미디어 총괄","グローバルECブランド
メディア責任者",媒体负责人，全球电商品牌,"From discovery to checkout, AI agents displace conventional online retail touchpoints.","AI 에이전트가 발견 단계부터 결제까지의 전 과정을 대신하면서, 기존 온라인 리테일에서 유저가 거쳐 왔던 전통적인 구매 경로는 점점 사라지고 있습니다.",発見から決済まで、AIエージェントが従来のEコマースのタッチポイントに取って代わりつつあります。,从发现到结账，AI 智能体正在取代传统的线上零售触点。,High,높음,高い,高,"Product search shifts to AI agents, weakening retailer-owned channels.","제품 검색이 AI 에이전트로 이동하면서, 리테일러가 직접 보유한 채널의 영향력이 약화되고 있습니다.",商品検索がAIエージェントへとシフトし、小売企業独自のチャネルが弱体化しています。,产品搜索正在向 AI 智能体迁移，从而削弱零售商自有渠道的影响力。,High,높음,高い,高,"AI agents can handle shopping journeys end-to-end, reducing reliance on retailer sites.","AI 에이전트가 쇼핑 여정을 처음부터 끝까지 처리하면서, 리테일러 사이트에 대한 의존도가 줄어들고 있습니다.",AIエージェントがショッピングジャーニーの全行程を担うことができるため、小売サイトへの依存度が低下しています。,AI 智能体可以端到端地处理购物旅程，从而降低对零售商自有网站的依赖。,High,높음,高い,高,"AI surfaces pricing, product, and reviews, pulling traffic away from owned platforms.","AI는 가격, 제품 정보, 리뷰를 전면에 노출해 트래픽을 자사 플랫폼이 아닌 외부로 분산시키고 있습니다.",AIによって価格や商品情報、レビューなどを直接取得できるため、自社プラットフォームからトラフィックが奪われています。,AI 会直接呈现价格、产品信息和用户评价，从而将流量从平台自有渠道中分流出去。,"Retail thrives on strong acquisition strength, yet struggles with loyalty and engagement on app platforms.","리테일은 유저 확보에는 강하지만, 앱 플랫폼 내 충성도와 참여도는 상대적으로 약합니다.",小売業界は強力な顧客獲得力を誇る一方で、ロイヤルティとアプリプラットフォームでのエンゲージメントの維持に苦戦しています。,零售依托强劲的获客能力实现增长，但在忠诚度以及 App 平台互动方面仍面临挑战。,7.9,7.9,7.9,7.9,"Organic demand is strong, with direct traffic, branded search, and word-of-mouth making up the bulk of growth. Paid media plays a supporting role.","오가닉 수요가 강한 편으로, 직접 유입과 브랜드 검색, 입소문이 성장의 대부분을 차지합니다. 유료 미디어는 이를 보완하는 역할에 머물러 있습니다.",ダイレクトトラフィックやブランド検索、口コミが成長を牽引し、自然流入が多くを占めています。有料メディアは補助的な役割を担っています。,自然需求表现强劲，直接流量、品牌搜索以及口碑传播构成了增长的主体。付费媒体主要发挥辅助作用。,7.1,7.1,7.1,7.1,"Retention is moderate to strong. Repeat purchasing is common, but customers often have split loyalty and chase deals, creating steady churn pressure.","리텐션은 중간에서 강한 수준을 보입니다. 반복 구매는 비교적 흔하지만, 고객 충성도가 분산되어 있고 할인이나 혜택에 따라 이동하는 경향이 있어 이탈이 꾸준히 발생합니다.",定着率は「中〜強」程度です。リピート購入は一般的ですが、顧客は複数のプラットフォームを併用し、安さを追い求める傾向があるため、常に顧客離れの圧力にさらされています。,留存表现处于中等至较强水平。重复购买行为较为常见，但客户往往存在分散忠诚度并追逐优惠，从而形成持续的流失压力。,6.3,6.3,6.3,6.3,"Apps are strong for actual transactions, but web browsing is still important for product discovery, comparisons, and checking promotions.","앱은 실제 거래가 이루어지는 핵심 채널이지만, 상품 탐색과 비교, 프로모션 확인 과정에서는 여전히 웹 브라우징의 중요성이 큽니다.",実際の取引においてはアプリが使用されることが多いものの、商品の発見や比較、プロモーションの確認においては、依然としてWebサイトが重要な役割を果たしています。,App 在实际交易方面表现强势，但 Web 浏览在产品发现、比价以及查看促销信息方面仍然十分重要。
Health & Fitness,건강 및 피트니스,"ヘルス＆
フィットネス",健康与健身,"Digital-first wellness, fitness, mediation, nutrition, and workout-tracking applications","디지털 중심의 웰니스, 피트니스, 명상, 영양 관리 및 운동 기록 앱",デジタルファーストのウェルネス、フィットネス、瞑想、栄養管理、ワークアウト記録アプリケーション,以数字化为核心的健康与身心管理应用，包括健身、冥想、营养与训练追踪等,"MyFitnessPal, Strava, Calm, Peloton, Alltrails",,,,"Health and Fitness faces high disruption as AI can generate workout plans and wellness advice. With moderate loyalty and a good amount of traffic from disrupted channels, brands must differentiate through customization, validation, and by leveraging proprietary data. Those emphasizing human expertise, device integration, AI integrations, and clinical accuracy can defend against more generic AI content.","건강 & 피트니스 산업은 AI가 운동 프로그램과 웰니스 관련 조언을 직접 제공할 수 있게 되면서 높은 변화 리스크에 놓여 있습니다. 고객 충성도는 중간 수준이며, AI로 인해 영향을 받는 채널에서 유입되는 트래픽 비중도 적지 않습니다. 이러한 환경에서 브랜드는 개인화와 신뢰성, 그리고 독자적인 데이터 활용을 통해 차별적인 가치를 제시해야 합니다. 특히 전문가의 참여, 디바이스 연동, AI 기능 통합, 의료적 정확성을 강조하는 플랫폼은 보다 일반적인 AI 콘텐츠와의 경쟁 속에서도 경쟁 우위를 유지할 수 있습니다.",ヘルス＆フィットネス業界は、AIがトレーニングメニューやウェルネスに関するアドバイスを提供できるようになったことで、高いディスラプションのリスクにさらされています。ロイヤルティは中程度であり、流入トラフィックの30％以上がAIディスラプションの影響を受けているチャネルを経由しているため、各アプリはカスタマイズ、有効性の検証、独自データの活用によって差別化を図る必要があります。人間の専門知識、デバイスの連携、臨床的な正確さを前面に押すアプリは汎用的なAI生成コンテンツに対して優位に立ち、防御を固める（あるいはAIを自社の武器として活用する）ことができます。,健康与健身行业面临较高的颠覆风险，因为 AI 能够生成训练计划和健康建议。在用户忠诚度中等、且相当一部分流量来自已被颠覆的渠道的情况下，品牌必须通过高度定制化、权威验证以及对专有数据的利用来实现差异化。那些强调人类专业能力、设备集成、AI 能力协同以及临床准确性的品牌，才能有效抵御更为通用化的 AI 内容。,App store discoverability is going to be at risk - people may just go straight to ChatGPT and never search the stores.,앱 스토어에서의 발견 가능성은 앞으로 위협을 받을 수 있습니다. 유저들이 스토어를 거치지 않고 ChatGPT 같은 AI로 바로 이동할 가능성이 커지고 있기 때문입니다.,「アプリを見つける場所としてのアプリストアの役割がリスクにさらされるでしょう。人々はChatGPTに直接尋ねるようになり、ストアで検索しなくなる可能性があります」,应用商店的可发现性将面临风险——人们可能会直接去问 ChatGPT，而不再进入应用商店搜索。,"CMO, Health and Fitness","헬스 & 피트니스 분야, CMO","ヘルス＆フィットネスブランド
最高マーケティング責任者",首席营销官（CMO），健康与健身行业,Fitness is a textbook case for AI creation - the content is largely public... the counterweight is consumer trust with sensitive health data - established apps have the edge there.,"운동 콘텐츠는 상당 부분 이미 공개돼 있어 AI가 만들기 쉽지만, 건강 데이터를 맡길 만큼의 신뢰에서는 이미 자리 잡은 기존 앱들이 분명한 우위를 가지고 있습니다.",「コンテンツの大部分が一般公開されているフィットネス業界は、AI生成による影響の典型例を示しています。対抗策となるのは、機密性の高い健康データの扱いに関する消費者の信頼です。実績のあるアプリはその点で優位に立つことができます」,健身是 AI 内容生成的典型案例——相关内容大多是公开的……而与之形成制衡的是消费者对敏感健康数据的信任问题——在这一点上，成熟应用具备明显优势。,"Partnerships Director, LLM","LLM, 파트너십 디렉터","LLM開発会社
パートナーシップディレクター",合作伙伴负责人，LLM 平台,"A lot of '101' coaching can be generated by AI - workout plans, reminders, tips - but the reason people stay is the trusted app experience, their data history, and how we handle privacy.","운동 계획, 리마인더, 팁처럼 기본적인 ‘입문용’ 코칭은 AI로 충분히 만들어낼 수 있습니다. 하지만 사람들이 계속 남는 이유는 신뢰할 수 있는 앱 경험, 그동안 축적된 개인 데이터 이력, 그리고 우리가 개인정보를 어떻게 다루느냐에 달려 있습니다.",「トレーニングメニューやリマインダー、アドバイスといった基本的なコーチングの大部分はAIで対応可能です。それでもユーザーが当社のアプリを使い続ける理由は、信頼できるアプリ体験、データ履歴、当社のプライバシー管理体制にあります」,大量‘101’级别的指导内容可以由 AI 生成——例如训练计划、提醒和提示——但用户留下来的原因在于他们对 App 体验的信任、对自身数据历史的依赖，以及我们如何处理隐私问题。,"CMO, Health & Fitness brand","헬스 & 피트니스 브랜드, CMO","ヘルス＆フィットネスブランド
最高マーケティング責任者",首席营销官（CMO），健康与健身品牌,"Core discovery channels face AI disruption, but there's potential for AI-fueled retention moat built on trust and first-party data.","AI로 인해 핵심 발견 채널이 변할 가능성이 크지만, 신뢰와 퍼스트 파티 데이터를 결합한다면 AI를 활용한 강력한 리텐션으로 독보적인 경쟁력을 확보할 수 있습니다.",主要な発見チャネルはAIの脅威にさらされているものの、信頼とファーストパーティデータによって「モート（堀）」を形成し、AIを活用しながら定着率を高められる可能性があります。,核心发现渠道正面临 AI 颠覆，但仍有可能基于信任和一手数据，构建由 AI 驱动的留存护城河。,High,높음,高い,高,High disruption due to exposure to organic channels and paid search.,"오가닉 채널과 유료 검색에 대한 의존도가 높아, 변화 리스크가 크게 나타나고 있습니다.",オーガニックチャネルや有料検索への依存度が高いため、AIの影響を大きく受けています。,由于暴露于自然渠道和付费搜索，颠覆程度较高。,High,높음,高い,高,"AI can auto-generate workouts and meal plans, adapt difficulty, and answer questions.","AI는 운동 루틴과 식단을 자동으로 생성하고, 난이도를 조정하며, 다양한 질문에 대응할 수 있습니다.",AIはトレーニングや食事のメニュー作成、難易度の調整、質問への回答を自動で行うことができます。,AI 可以自动生成训练计划和膳食方案，动态调整难度，并回答用户问题。,High,높음,高い,高,"Underlying knowledge (i.e., exercise, nutritional information) is public. Available data from public online sources allow AI to provide personalized workouts even without proprietary data. User caution over sensitive health data may slow broad AI adoption.","운동 방식이나 영양 정보 등 핵심 지식은 공개되어 있으며, 공개 온라인 데이터만으로도 AI는 독점 데이터 없이 개인화된 운동 플랜을 제공할 수 있습니다. 다만 건강 데이터에 대해서는 유저들의 민감도가 높아, AI 도입 속도에는 제약이 따를 수 있습니다.",運動や栄養などに関する基礎知識は一般公開されています。公開されているオンラインソースのデータを利用することで、独自のデータがなくてもAIはパーソナライズされたトレーニングメニューを提供できます。ただし、機密性の高い健康データの安全性に対するユーザーの警戒心が、AI利用の普及を遅らせる可能性があります。,底层知识（例如锻炼方式、营养信息）是公开的。来自公共在线来源的数据，使 AI 即使在缺乏专有数据的情况下，也能够提供个性化的训练方案。用户对敏感健康数据的谨慎态度，可能会放缓 AI 的广泛采用。,Strong in-app behavior contributes to moderate customer strength despite low loyalty and on/off usage.,"낮은 충성도와 간헐적인 이용 패턴에도 불구하고, 앱 내에서의 활발한 유저 행동으로 고객 관계 강도는 중간 수준을 유지하고 있습니다.",利用と休止を繰り返す傾向があり、ロイヤルティは低いものの、アプリの積極的な活用により、顧客関係がある程度保たれています。,尽管忠诚度较低且使用呈现间歇性，强烈的 App 内行为仍促成了中等水平的客户关系强度。,5.6,5.6,5.6,5.6,"Category benefits from strong word-of-mouth and creator and social buzz. Brands with trusted expertise (i.e., tracking, coaching, programs) pull steady organic demand, with paid used to accelerate new features and seasonal launches.","해당 카테고리는 강한 입소문과 크리에이터, 소셜 기반의 화제성을 바탕으로 성장하고 있습니다. 트래킹, 코칭, 프로그램 등 신뢰도 높은 전문성을 갖춘 브랜드는 안정적인 오가닉 유입을 확보하고 있으며, 유료 채널은 신규 기능이나 시즌성 출시를 가속화하는 데 활용됩니다.",口コミやクリエイター、SNSでの話題性が追い風となっています。信頼できる専門性の高い機能やサービス（記録機能、コーチング、プログラムなど）を提供するブランドには安定した自然流入がありますが、新機能やシーズンごとのローンチ時には有料チャネルで後押しする必要があります。,该品类受益于强劲的口碑传播以及创作者和社交平台的声量。具备可信专业能力的品牌（例如追踪、辅导、课程项目）能够持续拉动自然需求，而付费投放用于加速新功能和季节性发布。,5.4,5.4,5.4,5.4,"Habit loops, personalized plans, and progress visuals keep engaged cohorts active. Churn is episodic (i.e., injury, life events), leading to moderate retention.","습관적인 이용 유도, 개인화된 플랜과 진행 상황을 직관적으로 보여주는 기능이 참여도가 높은 유저의 활동을 유지하고 있습니다. 다만 부상이나 생활 변화로 인해 간헐적인 이탈이 발생해 리텐션은 중간 수준입니다.",習慣化によるループ、パーソナライズされたプラン、進捗を可視化するビジュアルツールによって熱心なユーザー層は維持されます。一方、怪我やライフイベントなどの一時的な要因が離脱を招くことがあり、定着率は「中程度」にとどまっています。,使用习惯循环、个性化计划以及进度可视化，使高度参与的用户群体保持活跃。流失呈现阶段性特征（例如受伤、人生事件），从而导致整体留存处于中等水平。,8.6,8.6,8.6,8.6,"Core experience including tracking, coaching, and notifications lives in-app. Ongoing usage and monetization also happens almost entirely in app. Web plays supporting role for educational content and sign-ups.","트래킹, 코칭, 알림을 포함한 핵심 경험은 앱 내에 구축되어 있으며, 지속적인 사용과 수익화 역시 거의 전적으로 앱에서 발생합니다. 웹은 교육용 콘텐츠 제공이나 회원 가입 등에서 보조적으로 활용됩니다.",記録、コーチング、通知といったコア機能はアプリでのみ利用できます。継続的な利用や収益化も、ほぼすべてアプリ内で発生しています。Webサイトは、知識を高めるのに役立つコンテンツの提供や新規登録のための補助的な役割を果たしています。,包括追踪、辅导以及通知在内的核心体验发生在 App 内。持续使用和变现也几乎完全发生在 App 中。Web 在教育类内容和注册环节发挥着辅助作用。
Dating,데이팅,マッチング,交友,Mobile-first dating and matchmaking apps with direct consumer interactions,모바일 중심 데이팅/매칭 앱(유저와 직접 상호작용하는 구조),モバイルファーストのマッチングアプリ（消費者間の直接的なやり取りが可能）,以移动端为核心、面向消费者直接互动的交友与匹配类应用,"Tinder, Bumble, Hinge, Grindr, Match",,,,"Dating remains protected by its core function of creating real-world relationships. However, moderate loyalty and episodic usage create vulnerability. With moderate traffic from disrupted channels and users increasingly asking AI for relationship advice, platforms must may look to strengthen retention through community features and adjacent networks (i.e., BFF, professional) before AI reshapes discovery.","데이팅 서비스는 실제 관계 형성을 핵심 가치로 한다는 점에서 AI로 쉽게 대체되기 어려운 영역입니다. 다만 고객 충성도가 중간 수준에 머물고 이용이 간헐적으로 이루어진다는 특성은 장기적인 측면에서 한계를 드러냅니다. AI로 인해 영향을 받는 채널에서의 트래픽 비중이 적지 않고, 유저가 관계에 대한 조언을 AI에 묻는 경우가 늘어나면서 플랫폼은 AI가 유저 발견 방식을 본격적으로 재편하기 전에 커뮤니티 기능이나 관련 네트워크(친구 찾기, 커리어 등)를 통해 리텐션을 강화할 필요가 있습니다.",マッチングアプリ業界は、AIが「実在する人間のプロフィール」を再現できないため、ネットワーク効果によって保護された状態にあります。しかし、ロイヤルティがそれほど高くなく、利用が断続的であることから、ある程度の脆さを抱えています。AIディスラプションの影響を受けているチャネルからの流入が一定数あり、さらには恋愛アドバイスをAIに求めるユーザーが増えているため、AIによって発見プロセスが変化する前に、コミュニティ機能や関連するネットワーク（友達作り、ビジネス交流など）を通じて定着率を強化する必要があります。,交友行业仍然受到其核心功能的保护，即促成现实世界人际关系。然而，中等水平的忠诚度以及阶段性使用特征，仍然带来了脆弱性。在一部分流量来自已被颠覆渠道、且用户越来越多地向 AI 寻求关系建议的背景下，平台需要在 AI 重塑发现方式之前，通过社区功能以及相邻网络（如好友、职业关系）来强化用户留存。,"People still rely on word-of-mouth and friends, but Gen Z is already starting to ask ChatGPT for relationship advice - and that share will only grow.","Z세대는 연애와 관계 조언을 친구가 아니라 ChatGPT에 묻기 시작했고, 그 흐름은 더 커질 것입니다.",「人々はいまだに口コミや友人を頼りにしていますが、Z世代はすでに恋愛アドバイスをChatGPTに求め始めています。この傾向は今後、さらに高まるでしょう」,人们仍然依赖口碑和朋友推荐，但 Z 世代已经开始向 ChatGPT 寻求情感和关系建议——而且这一比例只会持续上升。,"Director, Product Marketing, Global Dating App","글로벌 데이팅 앱, 프로덕트 마케팅 디렉터","グローバルマッチングアプリ
プロダクト・マーケティング・ディレクター",产品营销总监，全球交友 App,Dating is an app-first category. Web is mostly FAQs. Installs and monetization are almost entirely mobile.,"데이팅은 앱이 중심이 되는 카테고리입니다. 웹은 대부분 FAQ 확인 용도로 사용되고, 설치와 수익화는 거의 전적으로 모바일에서 이루어집니다.",「マッチングは『アプリファースト』のカテゴリーです。Webサイトの利用は「よくある質問」にほとんど限られ、インストールや収益化はほぼ完全にモバイルで発生します」,交友是一个以 App 为核心的品类。Web 端主要承载的是常见问题内容。安装和变现几乎完全发生在移动端。,"Director, Product Marketing, Global dating app","글로벌 데이팅 앱, 프로덕트 마케팅 디렉터","グローバルマッチングアプリ
プロダクト・マーケティング・ディレクター",产品营销总监，全球交友 App,UGC and cultural moments on TikTok/IG reduce blended CPI. Great creative plus social proof is more effective than traditional upper-funnel buys.,"TikTok과 Instagram에서의 UGC와 화제성 콘텐츠는 혼합 CPI를 낮추는 데 큰 역할을 합니다. 완성도 높은 크리에이티브에 실제 유저 반응이 더해진 접근 방식이, 전통적인 상단 퍼널 광고 집행보다 훨씬 효과적입니다.",「TikTokやInstagramでのユーザー生成コンテンツや文化的トレンドが、有料広告と自然流入の両方を合わせた総合的なインストール単価を押し下げています。魅力的なクリエイティブとソーシャルプルーフの組み合わせは、従来のアッパーファネル向けの有料広告よりも効果的です」,TikTok 和 Instagram 上的用户生成内容以及文化热点，能够降低综合 CPI。优秀的创意加上社会认同，比传统的漏斗顶部投放更加有效。,"Director, Product Marketing, Global dating app","글로벌 데이팅 앱, 프로덕트 마케팅 디렉터","グローバルマッチングアプリ
プロダクト・マーケティング・ディレクター",产品营销总监，全球交友 App,"Low overall AI disruption risk as core services are protected by service and data moats, even with moderate discovery disruption.",발견 단계에서 일부 변화가 있더라도 데이팅 앱의 핵심 가치는 서비스와 데이터 중심으로 편성되기에 전반적인 AI로 인한 변화 리스크는 낮은 편입니다.,サービスとデータが「モート（堀）」を形成し、中核サービスが保護されているため、発見プロセスにある程度の変化が生じても、全体的にAIディスラプションのリスクは低くなっています。,即便发现环节存在中等程度的颠覆，由于核心服务受到服务能力和数据护城河的保护，整体 AI 颠覆风险仍然较低。,Moderate,중간,中程度,中等,Moderate disruption risk driven by high exposure to paid search and organic channels.,"유료 검색과 오가닉 채널에 대한 높은 의존으로 인해, 중간 수준의 변화 리스크가 나타나고 있습니다.",有料検索やオーガニックチャネル経由での流入が多いため、中程度のリスクがあります。,由于高度暴露于付费搜索和自然渠道，颠覆风险处于中等水平。,Low,낮음,低い,低,"AI provides companionship and relationship advice, but can't replicate core service network of authentic users and social interactions.","AI는 관계에 대한 조언이나 대화는 가능하지만, 실제 유저 간 상호작용으로 형성된 서비스의 진정성 있는 핵심 가치는 아직 대체하기 어렵습니다.",AIは、話し相手になることや恋愛アドバイスを提供することはできても、実在するユーザーのネットワークや社会的な交流といった中核サービスを代替することはできません。,AI 可以提供陪伴体验和关系建议，但无法复制由真实用户和社交互动构成的核心服务网络。,Very Low,매우 낮음,極めて低い,极低,"Dating apps hold proprietary, sensitive profile and behavioral data (i.e., swipes, chats) that are not publicly available and cannot be recreated.","데이팅 앱은 스와이프, 채팅 등 외부에 공개되지 않고 재현도 불가능한 민감한 프로필 및 행동 데이터를 독점적으로 보유하고 있습니다.",マッチングアプリは、非公開で再現不可能な、機密性の高い独自のプロフィール情報や行動データ（スワイプ、チャットなど）を保有しています。,交友应用掌握专有且高度敏感的用户画像和行为数据（例如滑动记录、聊天内容），这些数据并不公开，且无法被重新构建。,Network effects and in-app behavior reinforce moderate customer strength despite low loyalty due to on/off usage.,"간헐적인 이용으로 인한 낮은 충성도에도 불구하고, 네트워크 효과와 앱 내에서의 활발한 행동이 고객 관계 강도를 중간 수준으로 뒷받침하고 있습니다.",ユーザーが利用と休止を繰り返すことが多いマッチングアプリの性質上、ロイヤルティは低いものの、ネットワーク効果とアプリ内行動によって、顧客関係の強度が中程度に維持されています。,尽管因间歇性使用导致忠诚度偏低，网络效应与 App 内行为仍强化了中等水平的客户关系强度。,8.5,8.5,8.5,8.5,"Category is culturally top-of-mind and brand-led, so the large share of installs come from word-of-mouth and social buzz/network effects rather than paid.","해당 카테고리는 일상적으로 높은 인지도를 보이는 브랜드 중심 시장으로, 설치의 상당 부분이 유료 광고보다는 입소문과 소셜 화제성, 네트워크 효과를 통해 발생합니다.",カテゴリー自体が文化的に認知度が高く、ブランド主導であるため、インストールの大部分は有料広告ではなく、口コミやSNSでの話題、ネットワーク効果によってもたらされています。,该品类在文化层面具有高度心智占位，并由品牌主导，因此大量安装来自口碑传播以及社交声量和网络效应，而非付费渠道。,5.4,5.4,5.4,5.4,"Users engage in recurring on/off cycles, but while active they're highly engaged due to daily swiping, messaging, and event-driven features. Subscription, boosts, and personalized prompts keep sessions frequent until life status changes.","유저는 주기적으로 간헐적인 이용 패턴을 보이지만, 활동 중인 상태에서는 일일 스와이프, 메시지, 이벤트 기반 기능을 중심으로 참여도가 매우 높습니다. 구독, 부스트, 개인화된 알림은 유저의 상황이 변하기 전까지 해당 이용 패턴을 유지하는 데 기여합니다.",ユーザーは「利用と休止」のサイクルを繰り返しますが、利用期間中は毎日のようにスワイプ、メッセージ送信、イベント関連の機能の利用などにより、非常に高いエンゲージメントを示します。サブスクリプションやブースト機能、パーソナライズされた通知により、相手が見つかり、ライフステータスが変化するまでは頻繁なセッションが維持されます。,用户呈现周期性的启用与停用行为，但在活跃期间，由于每日滑动、消息互动以及事件驱动功能，其参与度非常高。订阅、加速功能以及个性化提示在用户生活状态发生变化之前，持续保持较高的使用频率。,9,9,9,9,"Matching, messaging, push notifications, and safety features are app-native. Virtually all traffic and monetization occur in-app, with web only used for FAQ and other nominal purposes.","매칭, 메시징, 푸시 알림, 안전 관련 기능은 모두 앱에 최적화되어 있습니다. 트래픽과 수익의 대부분이 앱에서 발생하며, 웹은 FAQ 등 최소한의 목적에만 활용됩니다.",マッチング、メッセージング、プッシュ通知、安全機能はすべてアプリ独自の機能です。実質的にすべてのトラフィックと収益化がアプリ内で発生し、Webサイトは「よくある質問」や形式的な目的にのみ使用されています。,匹配、消息、推送通知以及安全功能均为 App 原生功能。几乎所有流量和变现都发生在 App 内，Web 仅用于常见问题解答等名义性用途。
Gen AI,Gen AI,生成AI,生成式 AI,"Consumer-facing AI/LLM assistants, chatbots, and content creation apps","소비자 대상 AI/LLM 어시스턴트, 챗봇, 콘텐츠 제작 앱",消費者向けAI/LLMアシスタント、チャットボット、コンテンツ作成アプリ,面向消费者的 AI / LLM 助手、聊天机器人以及内容创作类应用,"ChatGPT, Character.ai, Claude, Gemini",,,,"Gen AI platforms face unique positioning: They are the disruptors but face intense competition. With 40% traffic from vulnerable channels and episodic usage patterns, platforms must build stickiness through distribution partnerships and specialized use cases. Success depends on becoming indispensable infrastructure rather than novelty tools.","생성형 AI 플랫폼은 산업 전반의 변화를 야기하고 있는 동시에, 치열한 경쟁 환경에 놓여 있습니다. 전체 트래픽의 약 40%가 취약한 채널에서 발생하고, 사용 패턴 역시 간헐적인 특성을 보이는 만큼 플랫폼은 유통 파트너십과 명확한 활용 분야를 통해 사용 지속성을 강화해야 합니다. 결국 성공의 관건은 일시적인 신기술에 그치는 것이 아니라, 필수 인프라로 자리 잡을 수 있는지에 달려 있습니다.",生成AIプラットフォームは独特の立ち位置にあります。これらは従来の仕組みの「破壊者」でありながら、ユーザーの維持に苦戦しています。流入トラフィックの40%を脆弱なチャネルに依存し、利用パターンも断続的です。そのため、配信パートナーシップの構築や、特定の用途に特化したユースケースを通じて粘着性を高める必要があります。単なる「目新しいツール」ではなく、「必要不可欠なインフラ」になれるかどうかが成功の鍵を握ります。,生成式 AI 平台面临独特的定位挑战：它们既是颠覆者，同时也承受着激烈的竞争压力。在 40% 流量来自脆弱渠道、且使用模式呈阶段性特征的情况下，平台必须通过分发合作伙伴关系和专业化使用场景来建立黏性。成功的关键在于成为不可或缺的基础设施，而非昙花一现的新奇工具。,Most of our growth is still organic... people see an answer link or a shared thread and try it themselves.,"사람들이 AI가 생성한 답변이나 공유된 대화를 접한 뒤, 직접 사용해보면서 자연스럽게 유입되는 경우가 여전히 성장의 핵심입니다.",「当社の成長の大部分は依然としてオーガニックです。回答リンクを見たり、共有されたスレッドを目にしたりして、自分でも試してみるという流れです」,我们的大部分增长仍然来自自然渠道……人们看到一个回答链接或被分享的讨论帖，就会自己去尝试。,"Head of Partnerships, LLM","LLM 플랫폼, 파트너십 총괄","LLM開発会社
パートナーシップ責任者",合作伙伴负责人，LLM 平台,"We see a lot of 'multi-home' behavior the same user might ask us for research, then jump to another model for code.","한 유저가 상황에 따라 여러 서비스를 오가며 함께 쓰는 경우가 많습니다. 리서치는 우리에게 맡기고, 코드는 다른 모델을 쓰는 식이죠.",「多くのユーザーが複数のプラットフォームを利用していることが分かります。同じユーザーでも、リサーチには我々のモデルを使い、コードを書く際には別のモデルに移ることがあります」,我们观察到大量‘多平台使用’行为——同一个用户可能向我们咨询研究问题，然后转向另一个模型处理代码。,"Head of Partnerships, LLM","LLM, 파트너십 총괄","LLM開発会社
パートナーシップ責任者",合作伙伴负责人，LLM 平台,"We're still leaning heavily on paid channels - affiliates and search are easiest way to scale quickly when you don't yet have default status with users. The challenge is it's fragile. If those paid channels shift, traffic is immediately impacted.","아직은 유저에게 기본 선택지로 자리 잡지 못한 상태라, 빠르게 규모를 키우기 위해 제휴 채널과 검색 등 유료 채널에 크게 의존하고 있습니다. 다만 이 구조는 매우 취약합니다. 유료 채널 환경이 조금만 변해도 트래픽이 즉각적으로 영향을 받기 때문입니다.",「現状ではまだ、有料チャネルに大きく依存しています。ユーザーにとっての『デフォルト（定番）』の地位を確立できていない段階では、アフィリエイトや検索広告が、最も手早く規模を拡大できる方法だからです。課題はその脆さにあります。もしそれらの有料チャネルの仕組みが変われば、トラフィックはすぐに影響を受けます」,我们仍然在很大程度上依赖付费渠道——当你还没有成为用户的默认选择时，联盟渠道和搜索是最快实现规模化的方式。问题在于这种方式非常脆弱。如果这些付费渠道发生变化，流量会立刻受到影响。,"Head of Partnerships, LLM","LLM, 파트너십 총괄","LLM開発会社
パートナーシップ責任者",合作伙伴负责人，LLM,"Service disruption isn't applicable here, but there is high discovery disruption due to high exposure to affiliates and paid search.","서비스 측면의 변화는 크게 해당되지 않지만, 제휴 채널과 유료 검색에 대한 의존도가 높아 발견 단계에서 AI로 인한 변화 노출이 큽니다.",サービスのディスラプションは、この業界には当てはまりませんが、アフィリエイトや有料検索経由での流入が多く、発見プロセスにおけるディスラプションリスクは非常に高い状態にあります。,此处并不存在明显的服务层面颠覆，但由于对联盟渠道和付费搜索的高度依赖，发现环节面临较高的颠覆风险。,High,높음,高い,高,High disruption due to high exposure to affiliates and paid search.,"제휴 채널과 유료 검색에 대한 의존도가 높아, 변화 리스크가 크게 나타나고 있습니다.",アフィリエイトや有料検索経由での流入が多いため、AIディスラプションの影響を大きく受けます。,由于对联盟渠道和付费搜索的高度依赖，颠覆程度较高。,Very Low,매우 낮음,極めて低い,极低,N/A,,該当なし,,Very Low,매우 낮음,極めて低い,极低,N/A,,該当なし,,"Moderate relationship strength is driven by high usage of paid for adoption, fragmented usage behavior, and intense competition.","유료 유저 확보에 대한 의존도가 높고, 이용 행태가 분산되어 있으며, 경쟁이 치열해 고객 관계 강도는 중간 수준에 머물러 있습니다.",顧客獲得における有料チャネルへの依存、断片的な利用行動、そして厳しい競合環境により、顧客関係の強度は「中程度」にとどまっています。,客户关系强度处于中等水平，主要由为促使用户采用而大量依赖付费投入、碎片化使用行为以及激烈竞争所驱动。,6.7,6.7,6.7,6.7,"Category benefits from strong word-of-mouth, social buzz, and PR around new model features. Free tiers and ""share this answer"" links generate steady organic demand, with paid used to amplify launches.","해당 카테고리는 입소문과 소셜 화제성, 신규 모델 기능을 둘러싼 PR을 중심으로 성장하고 있습니다. 무료 이용 플랜과 ‘답변 공유’ 링크는 안정적인 오가닉 유입을 만들어내며, 유료 채널은 출시 초기 도달 범위를 확대하는 역할을 합니다.",影響力の高い口コミ、SNSでの話題、新しいモデル機能のPRなどが追い風となっています。無料プランや回答を共有するリンクが安定した自然流入を生む一方で、有料広告は主に新機能ローンチ時のブーストとして活用されています。,该品类受益于强劲的口碑、社交声量以及围绕新功能的公关传播。免费层级和“分享此答案”的链接带来稳定的自然需求，付费投放用于放大发布效果。,6.3,6.3,6.3,6.3,"Usage is recurring but episodic. Many users spread activity across multiple GenAI apps. Habits form around specific use caes (i.e., summaries, drafting, research) while casual users churn faster.","이용은 반복적으로 나타나지만 간헐적인 패턴을 보입니다. 많은 유저가 여러 생성형 AI 앱을 병행해 이용하며, 요약, 문서 작성, 리서치 등 특정 활용 목적을 중심으로 이용 습관이 형성됩니다. 반면 가볍게 이용하는 유저는 상대적으로 빠르게 이탈합니다.",繰り返し利用されるものの、断続的です。多くのユーザーが複数の生成AIアプリを併用しています。特定の用途（要約、下書き、リサーチなど）で習慣的に利用するユーザーがいる一方で、そうでないユーザーは離脱しやすい傾向にあります。,使用行为具有重复性但呈现阶段性。许多用户将使用行为分散在多个 GenAI 应用中。使用习惯往往围绕特定使用场景形成（例如摘要、写作、研究），而休闲用户流失速度更快。,6.6,6.6,6.6,6.6,"Chat, voice inputs, and notifications are largely in-app. Web remains important for longer sessions and desktop workflows.","채팅, 음성 입력, 알림 등 주요 상호작용은 대부분 앱 내에서 이루어집니다. 다만, 장시간 이용이나 데스크톱 기반 작업에서는 웹의 중요성이 여전히 유지됩니다.",チャット、音声入力、通知などは主にアプリで行われます。一方、長時間にわたる作業やデスクトップでのワークフローの一部として利用する場合は、依然としてWebサイトが重要な役割を担っています。,聊天、语音输入以及通知主要发生在 App 内。Web 在较长会话以及桌面端工作流中仍然发挥重要作用。
Casino & Sports betting (RMG),카지노 및 스포츠 베팅(RMG),"カジノ・スポーツ<customBreak />
ベッティング（RMG）",赌场与体育博彩（真实货币博彩）,"Digital-first sports betting, online casino apps, and skill-based real money based platforms","디지털 중심 스포츠 베팅, 온라인 카지노 앱, 스킬 기반 실시간 베팅(RMG) 플랫폼",デジタルファーストのスポーツベッティング、オンラインカジノアプリ、スキルベースのリアルマネープラットフォーム,以数字化为核心的体育博彩、在线赌场应用，以及基于技巧的真实货币（Real Money）投注平台,"Fan Duel, DraftKings, Betfair, Bet MGM, William Hill",,,,"RMG remains insulated by regulatory barriers and real-time odds that AI cannot replicate. However, weak loyalty from promo-chasing creates vulnerability. With 35% traffic from disrupted channels and moderate retention, platforms must strengthen relationships through personalization and VIP programs before discovery channels shift further.","RMG(현금 베팅 게임) 산업은 규제 장벽과 AI가 재현하기 어려운 실시간 배당 구조로 인해 비교적 보호받고 있습니다. 다만 프로모션에 따라 이용하는 패턴이 강해 고객 충성도가 낮다는 점은 분명한 취약 요인입니다. AI로 인해 영향을 받는 채널에서의 트래픽 비중이 35%에 달하고 리텐션도 중간 수준에 머무는 만큼, RMG 플랫폼은 발견 채널의 변화가 더 가속화되기 전에 개인화 전략과 VIP 프로그램을 통해 유저와의 관계를 강화할 필요가 있습니다.",RMG（リアルマネーゲーム）は、法規制による障壁や、AIでは再現不可能なリアルタイムのオッズによって、依然としてAIディスラプションの影響から保護された状態にあります。しかし、キャンペーンに誘導されたりするユーザーが多く、ロイヤルティが低いことが、脆弱性をもたらしています。トラフィックの35％をAIディスラプションの影響を受けているチャネルに依存し、リテンションも中程度であることから、発見チャネルがさらに移行する前に、パーソナライゼーションやVIPプログラムを通じて顧客関係を強化する必要があります。,真实货币博彩（RMG）仍然受到监管壁垒以及 AI 难以复制的实时赔率体系的保护。然而，由于用户更偏向追逐促销，忠诚度较弱，这也带来了脆弱性。在 35% 流量来自已被颠覆渠道、且留存率处于中等水平的情况下，平台必须在发现渠道进一步变化之前，通过个性化体验和 VIP 计划来强化客户关系。,"It's an app business... almost all of [our customers] are going to be organic on any given day just based on the purchase frequency of the category... for us, brand trust is the number one factor.",구매 빈도가 높은 카테고리 특성상 고객 유입은 대부분 자연적으로 발생합니다. 그래서 앱 비즈니스에서 가장 중요한 것은 무엇보다 브랜드 신뢰입니다.,「これはアプリビジネスです。このカテゴリー自体の購入頻度が高いため、どの日も、ほとんどのトラフィックがオーガニックです。私たちにとって、ブランドへの信頼こそが最も重要な要因です」,这是一个典型的 App 业务……基于该品类的购买频率，几乎每天我们的客户都以自然方式到来……对我们来说，品牌信任是最关键的因素。,"EVP Marketing, Sports betting brand","스포츠 베팅 브랜드, 마케팅 EVP","スポーツベッティングブランド
マーケティング担当執行副社長",营销执行副总裁，体育博彩品牌,"50% of bets are live betting... the biggest barrier is the infrastructure to price markets in real time. It's illegal to place a bet for someone else, you must have a license","전체 베팅의 약 50%는 라이브 베팅입니다. 가장 큰 장벽은 실시간으로 마켓을 산정 및 가격화할 수 있는 인프라입니다. 또한 타인을 대신해 베팅을 하는 것은 불법이며, 베팅을 하려면 반드시 라이선스가 필요합니다.",「賭けの50%はライブベッティングです。最大の障壁は、リアルタイムで市場価格を算出するためのインフラです。また、他人のために賭けを行うことは違法であり、ライセンスの取得が不可欠です」,大约 50% 的投注发生在实时投注阶段……最大的障碍在于实时定价所需的基础设施。此外，代他人下注是违法的，必须具备相应牌照。,"EVP Marketing, Sports betting brand","스포츠 베팅 브랜드, 마케팅 EVP","スポーツベッティングブランド
マーケティング担当執行副社長",营销执行副总裁，体育博彩品牌,"For Casino & Sports betting, disruption risk is low - operators rely on proprietary models and fast-moving odds that AI can't easily replicate","카지노 및 스포츠 베팅 분야는 AI로 인한 변화 리스크가 낮은 편입니다. 운영사들이 빠르게 변하는 배당률을 기반으로 한 독점 모델에 의존하고 있어, AI가 이를 쉽게 대체하기 어렵기 때문입니다.",「カジノやスポーツベッティングでは、ディスラプションのリスクは低いです。オペレーターは独自の予測モデルを活用しており、激しく変動するオッズをAIが再現するのは難しいためです」,对于赌场和体育博彩而言，颠覆风险较低——运营方依赖于专有模型以及快速变化的赔率体系，而这些是 AI 难以轻易复制的。,"Partnerships Director, LLM","LLM, 파트너십 디렉터","LLM開発会社
パートナーシップディレクター",合作伙伴总监，LLM,"Regulatory, data, and workflow barriers limit AI disruption.","규제, 데이터, 워크플로우 측면의 장벽으로 인해 AI로 인한 변화는 제한적입니다.",法規制、データ、ワークフローの障壁がAIによるディスラプションを抑制しています。,监管、数据以及工作流壁垒限制了 AI 造成的颠覆。,Moderate,중간,中程度,中等,"Moderate disruption risk driven by mixed exposure to high disruption channels, mitigated by high share of organic traffic.","변화 리스크가 큰 채널에 일부 노출돼 있으나, 오가닉 트래픽 비중이 높아 중간 수준의 변화 리스크로 완화되고 있습니다.",ディスラプションの影響が大きいチャネル経由での流入がある一方で、オーガニックトラフィックの割合が高いため、リスクは中程度に抑えられています。,由于同时暴露于多个高颠覆风险渠道而形成中等颠覆风险，但较高的自然流量占比在一定程度上起到了缓冲作用。,Moderate,중간,中程度,中等,"Live betting requires continous real-time odds refresh, which AI can't currently replicate.",,ライブベッティングには、リアルタイムでの継続的なオッズ更新が必要であり、現在のAIでは再現不可能です。,实时投注依赖持续不断的实时赔率刷新，而这一点目前 AI 尚无法复制。,Low,낮음,低い,低,Operators rely on proprietary first-party data models to generate betting odds. Such models and feeds are tightly controlled pose barriers to AI today.,"베팅 비즈니스는 베팅 배당률 산출을 위해 독점적인 퍼스트 파티 데이터 모델에 의존하고 있으며, 이러한 모델과 피드는 엄격하게 통제되어 AI가 접근하기 어렵습니다.",オペレーターは、ファーストパーティデータを活用する独自のモデルを使ってベッティングオッズを生成します。これらのモデルやデータフィードは厳格に管理されており、AIがアクセスすることはできません。,运营方依赖专有的一手数据模型来生成投注赔率。这些模型和数据接口受到严格控制，AI 无法访问。,Moderate overall customer loyalty is pulled up by strong organic drivers and deep app engagement with customers,"전반적인 고객 충성도는 중간 수준이지만, 강한 오가닉 유입 요인과 앱 내에서의 깊이 있는 경험이 이를 끌어올리고 있습니다.",自然流入の多さとアプリでの深いユーザーエンゲージメントが、全体的な顧客ロイヤルティを押し上げています。,整体客户忠诚度处于中等水平，主要被强劲的自然驱动因素以及与客户在 App 内的深度互动所拉升。,7,7,7,7,"Organic demand is strong, fueled by brand and direct search, plus major event-driven spikes that amplify demand.","오가닉 수요는 강한 편으로, 브랜드 검색과 직접 유입을 중심으로 형성되며 주요 이벤트 발생 시 수요가 더욱 급증합니다.",ブランド力やダイレクト検索に支えられた自然流入が堅調です。また、大きなイベントによるトラフィックの急増が需要をさらに増幅させる要因となっています。,自然需求表现强劲，由品牌和直接搜索推动，并叠加由重大事件带来的需求高峰，从而进一步放大整体需求。,5,5,5,5,"Loyalty is moderate as many players use multiple platforms and pursue short term promotions, driving churn despite strong brand presence.","다수의 유저가 여러 플랫폼을 병행해 이용하고 단기 프로모션을 따라 이동하는 경향이 있어, 브랜드 존재감이 강함에도 불구하고 충성도는 중간 수준에 머물러 있습니다.",ブランド認知度は高いものの、多くのプレイヤーが複数のプラットフォームを併用し、短期的なプロモーションを追い求める傾向があり、顧客流出が発生するため、ロイヤルティは中程度です。,由于许多用户同时使用多个平台并追逐短期促销活动，整体忠诚度处于中等水平，即便品牌影响力较强，仍然推动了流失。,5.9,5.9,5.9,5.9,"Apps dominate engagement once deposits are made, though web remains important for odds comparisons, registration, and checking promotions.","예치금 입금 이후의 참여는 주로 앱에서 이루어지지만, 배당률 비교, 회원 가입, 프로모션 확인 단계에서는 웹이 여전히 중요한 역할을 합니다.",入金後はアプリでの利用が圧倒的ですが、オッズの比較、登録、プロモーションの確認などに関しては、依然としてWebサイトも重要な役割を果たしています。,一旦完成充值，App 便主导了用户参与行为，但 Web 在赔率比较、注册以及查看促销信息方面仍然十分重要。
Productivity,생산성,生産性ツール,效率工具,"Digital productivity, communication, and collaboration platforms","디지털 기반 생산성, 커뮤니케이션 및 협업 플랫폼",デジタル生産性ツール、コミュニケーション／コラボレーションプラットフォーム,数字化效率、沟通与协作平台,"Gmail, Gsuite, Office 365, Zoom, Slack",,,,"Productivity tools face high disruption pressure as AI agents replicate workflows, but strong loyalty from deep integration buys time. With 40% traffic from vulnerable channels and strong retention scores, platforms must embed AI capabilities directly to maintain relevance as standalone AI threatens to absorb basic productivity functions.","생산성 툴은 AI 에이전트가 기존 워크플로우를 점점 대체할 수 있게 되면서 구조적인 변화 압력을 받고 있습니다. 한편 워크플로우에 깊게 통합된 사용 경험을 바탕으로 형성된 높은 고객 충성도는 이러한 변화 속에서도 일정 부분 방어 역할을 하고 있습니다. 전체 트래픽의 약 40%가 취약한 채널에서 발생하는 상황에서도 리텐션 지표는 비교적 안정적인 만큼, 생산성 툴 플랫폼은 독립형 AI가 기본적인 생산성 기능을 흡수하기 전에 AI 역량을 제품 전반에 효과적으로 통합해 경쟁력을 유지할 필요가 있습니다.",生産性ツールは、AIエージェントによるワークフローの再現により、高いディスラプションの圧力にさらされています。しかし、業務に深く組み込まれていることによる高いロイヤルティが、AIによるディスラプションを遅らせています。トラフィックの40%がAIの影響を受けやすいチャネルに依存している（すなわち、発見プロセスにおいてディスラプションが生じている可能性が高い）ものの、定着率は良好です。単体のAIが基本的な生産性機能を吸収しようとする中、生産性ツールのプラットフォームはAI機能を直接組み込み、コミュニティ主導のフォーマットを活用して存在価値を維持する必要があります。,效率工具面临较高的颠覆压力，因为 AI 智能体正在复制既有工作流；但由于产品深度嵌入用户日常工作环境，形成了较强的用户忠诚度，从而争取到了一定时间窗口。在 40% 流量来自脆弱渠道、且留存表现强劲的情况下，平台必须将 AI 能力直接嵌入产品之中，以维持相关性，避免基础效率功能被独立 AI 工具所吸收。,The goal is to make the experience as sticky as possible so people stay in their accounts and keep engaging.,"목표는 사람들이 계정 안에 계속 머물며 반복적으로 사용하도록, 경험의 지속성을 최대한 높이는 것입니다.",「目標は、ユーザー体験の粘着性を可能な限り高めることで、ユーザーがログインしたまま、ツールを利用し続けるようにすることにあります」,我们的目标是让体验尽可能具有黏性，从而让用户持续停留在账户中并不断参与互动。,"Head of Growth Marketing, Global productivity platform","글로벌 생산성 플랫폼, 그로스 마케팅 총괄","グローバル生産性プラットフォーム
グロースマーケティング責任者",增长营销负责人，全球效率工具平台,"There are companies that have had big drops in traffic, but the traffic was lower quality to begin with... some are now seeing fewer, but much higher intent visitors coming from ChatGPT.","트래픽이 크게 줄어든 기업들도 있습니다. 하지만 애초에 그 트래픽의 퀄리티가 높지 않았던 경우도 많습니다. 반대로 지금은 ChatGPT를 통해 유입되는 방문자 수는 줄었지만, 구매나 행동 의도가 훨씬 높은 유저들이 유입되고 있음을 확인하는 기업들도 있습니다.",「トラフィックが激減した企業もありますが、それらはもともと質の低いトラフィックでした。現在は、ChatGPT経由で、数は少なくても非常に購入意欲の高い訪問者が流入しているケースも見られます」,有些公司的流量出现了大幅下滑，但这些流量本身质量并不高……现在有些公司虽然访问量减少了，但却从 ChatGPT 获得了意图更强的用户。,"Head of Growth Marketing, Global productivity platform","글로벌 생산성 플랫폼, 그로스 마케팅 총괄","グローバル生産性プラットフォーム
グロースマーケティング責任者",增长营销负责人，全球效率工具平台,"I haven't seen a lot of successes where workflows are fully transformed into a chat interface. AI works best as a companion to existing interfaces, not a replacement.","워크플로우가 전면적으로 챗 기반 인터페이스로 전환되어 성공한 사례는 아직 많지 않습니다. AI는 기존 인터페이스를 대체하기보다는, 함께 작동하며 생산성을 높이는 역할에 더 적합합니다.",「ワークフローが完全にチャットインターフェースに置き換わって成功した事例は、まだ多くありません。既存のインターフェースの代替としてではなく、『相棒』としてAIを活用するのが理想的です」,我还没有看到太多成功案例，能够将工作流完全转化为聊天界面。AI 最适合作为现有界面的辅助，而不是替代品。,"Head of Growth Marketing, Global productivity platform","글로벌 생산성 플랫폼, 그로스 마케팅 총괄","グローバル生産性プラットフォーム
グロースマーケティング責任者",增长营销负责人，全球效率工具平台,High risk of both discovery and service disruption driven by AI integration pressure on workflow offerings.,"워크플로우 서비스 전반에 AI 통합 요구가 확대되면서, 발견 단계와 서비스 전반에서 모두 높은 변화 리스크가 나타나고 있습니다.",ワークフロー製品にAIを統合する圧力を受け、発見プロセスとサービスの両方で高いリスクにさらされています。,由于 AI 集成对工作流型产品带来的压力，发现和服务两个层面均面临较高的颠覆风险。,High,높음,高い,高,High disruption as organic and paid search are heavily exposed to AI overviews.,"오가닉 검색과 유료 검색이 AI 요약 결과에 크게 노출되면서, 변화 리스크가 높게 나타나고 있습니다.",オーガニック検索や有料検索が「AIによる概要」の影響を大きく受け、大規模なディスラプションが生じています。,随着自然搜索和付费搜索高度暴露于 AI Overview，颠覆程度处于较高水平。,High,높음,高い,高,"Core features are sticky today, but AI agents are rapdily learning to replicate workflows.",,現時点ではコア機能に顧客を繋ぎ止める力がありますが、AIエージェントがワークフローを再現する方法を急速に学習しています。,核心功能目前仍具有较强黏性，但 AI 智能体正在迅速学习并复制相关工作流。,High,높음,高い,高,"Security reviews and integration hurdles slow adoption, but these are procedural, not structural barriers. As of today no regulatory shield to prevent AI disruption.","보안 검토와 시스템 연동 과정으로 도입 속도가 늦어질 수는 있지만, 이는 절차적 제약일 뿐 구조적인 장벽은 아닙니다. 현재로서는 AI로 인한 변화를 막는 규제는 존재하지 않습니다.",セキュリティ審査や統合の難しさが導入を遅らせているものの、これらはプロセス上の壁に過ぎず、構造的なものではありません。現時点でAIディスラプションを阻止する法規制上の盾は存在しません。,安全审查和系统集成门槛会放缓采用速度，但这些属于流程性障碍，而非结构性壁垒。截至目前，并不存在能够阻止 AI 造成颠覆的监管保护。,Deep integration in daily workflows drives loyalty with strong organic acquistion strength.,"일상적인 워크플로우에 깊게 통합된 사용 경험이 높은 충성도를 이끌어내며, 강한 오가닉 유저 확보로 이어지고 있습니다.",日々のワークフローへの深い統合がロイヤルティを生み出し、自然流入による高い顧客獲得力を維持しています。,深度嵌入日常工作流推动了忠诚度，同时自然获客能力表现强劲。,9.7,9.7,9.7,9.7,"Organic acquistion is very strong, driven by network effects, referrals, and community-driven sharing.","오가닉 유저 확보는 매우 강한 수준으로, 네트워크 효과와 레퍼럴, 커뮤니티 중심의 공유가 핵심 성장 동력으로 작용합니다.",ネットワーク効果、紹介、コミュニティでの情報共有により、自然流入による顧客獲得の割合が非常に高い状態にあります。,自然获客能力非常强，主要由网络效应、转介绍以及社区驱动的分享行为所推动。,7.6,7.6,7.6,7.6,"Retention is strong, driven by deep integration into users' daily workflows. Once embedded, tools become sticky and are used consistently.","리텐션은 강한 편으로, 유저의 일상적인 워크플로우에 자연스럽게 녹아든 사용 방식에서 비롯됩니다. 한 번 사용이 습관화되면 꾸준한 이용으로 이어집니다.",ユーザーの日々のワークフローに深く組み込まれているため、定着率は高いです。この種類のツールは一度導入されると粘着性が高く、継続的に利用されます。,留存表现强劲，主要由产品深度嵌入用户日常工作流所驱动。一旦被嵌入，工具便具备高度黏性并被持续使用。,6.6,6.6,6.6,6.6,"Engagement is very strong across web and desktop, with apps deeply embedded into workflows and daily use.","웹과 데스크톱에서 유저 참여가 매우 활발하게 이루어지며, 앱 역시 일상적인 워크플로우에 깊이 통합되어 있습니다.",Webサイトとアプリの両方でエンゲージメントが非常に高く、特にアプリはワークフローに深く込み込まれ、日常的に利用されています。,在 Web 和桌面端的参与度非常强，同时 App 已深度嵌入工作流和日常使用场景之中。
Social,소셜 미디어,SNS,社交媒体,"Digital-first social networking, messaging, and content-sharing platforms","디지털 중심 소셜 네트워킹, 메시징 및 콘텐츠 공유 플랫폼",デジタルファーストのSNS、メッセージング、コンテンツ共有プラットフォーム,以数字化为核心的社交网络、消息与内容分享平台,"Facebook, Whatsapp, Instagram, TikTok, Telegram, Snap, Pinterest, X, Reddit",,,,"Social demonstrates resilience with strong user relationships. Network effects and real-world relationships create barriers AI can't easily breach. With habitual usage and reliance on mobile apps, social platforms can leverage AI for enhancement.","소셜 플랫폼은 유저와의 강한 관계를 기반으로 변화에 비교적 잘 버티는 구조를 가지고 있습니다. 네트워크 효과와 현실 세계의 인간관계는 AI가 쉽게 넘기 어려운 진입 장벽으로 작용합니다. 일상적으로 반복되는 사용 패턴과 모바일 앱 중심의 이용 구조를 바탕으로, 소셜 플랫폼은 AI를 위협이 아닌 경험을 보완하고 확장하는 수단으로 활용할 수 있습니다.",SNSは、全業界の中で最も強固な顧客関係を築いており、AIディスラプションに対して最大の耐性を示しています。ネットワーク効果とソーシャルグラフは、AIが乗り越えることのできない壁として機能しています。AIが「本物の人間同士のつながり」を再現することは、ほぼ不可能であるためです。アプリでの習慣的な利用が特徴のSNSは、不可欠なデジタルインフラとしての役割を維持しつつ、AIを機能強化のために活用できます。,社交平台凭借强大的用户关系展现出较强的韧性。网络效应以及现实世界中的人际关系，构成了 AI 难以轻易突破的壁垒。在高频习惯性使用以及对移动 App 的依赖基础上，社交平台可以将 AI 作为增强手段，而非被其取代。,Discovery is moving from big platforms to niche communities where CPMs are cheaper and engagement is higher.,"유저가 발견하는 채널은 점점 대형 플랫폼에서 벗어나, CPM은 더 낮고 참여도는 더 높은 니치 커뮤니티로 이동하고 있습니다.",「発見の場が、大手プラットフォームから、CPM（インプレッション単価）が低くエンゲージメントが高いニッチなコミュニティへと移りつつあります」,发现正在从大型平台转向更为细分的社区，在这些地方，CPM 更低，用户参与度却更高。,"Retention Lead, Global Social Media App","글로벌 소셜 미디어 앱, 리텐션 리드","グローバルSNSアプリ
リテンション担当リーダー",留存负责人，全球社交媒体 App,People want to be where others are already engaged. It's about finding those with the ability to spend and making them succesful on the platform.,"사람들은 이미 다른 사람들이 활발하게 참여하고 있는 곳에 머물고 싶어 합니다. 결국 중요한 것은 지출 여력이 있는 유저를 찾아내고, 그들이 플랫폼 안에서 성공적으로 활동할 수 있도록 만드는 것입니다.",「ユーザーは、すでに他の人たちが利用している場所に集まりたがります。購買力のあるユーザーを見つけ出し、彼らをプラットフォームで成功させることが重要です」,人们希望待在已经有人深度参与的地方。这关键在于找到具备消费能力的用户，并帮助他们在平台上获得成功。,"Retention Lead, Global Social Media App","글로벌 소셜 미디어 앱, 리텐션 리드","グローバルSNSアプリ
リテンション担当リーダー",留存负责人，全球社交媒体 App,,,,,,,,,Discovery remains resilient due to high direct share and platform loyalty.,"직접 유입 비중이 높고 플랫폼에 대한 고객 충성도가 탄탄해, 발견 단계는 비교적 안정적으로 유지되고 있습니다.",ダイレクトトラフィックの高い割合とプラットフォームへのロイヤルティにより、発見プロセスは依然としてディスラプションに対する耐性を維持しています。,由于直接流量占比高以及平台忠诚度较强，发现环节仍保持韧性。,Very Low,매우 낮음,極めて低い,极低,Social discovery with limited exposure to channels that AI can aggregate.,"AI가 집계 및 요약할 수 있는 채널에 대한 의존도가 크지 않아, 소셜 중심의 발견 구조는 비교적 안정적인 편입니다.",SNS経由での発見が根強く、AIが情報を集約できるチャネル経由での流入が限定的です。,以社交发现为主，对 AI 可聚合渠道的暴露程度有限。,Low,낮음,低い,低,The real-world relationships and network effects are unique and can't easily be reproduced by AI.,,現実世界の人間関係やネットワーク効果は唯一無二のものであり、AIで簡単に再現することはできません。,现实世界中的人际关系和网络效应具有独特性，难以被 AI 轻易复现。,Low,낮음,低い,低,"Proprietary engagement and relationship data stay within platforms, limiting AI's ability to replicate the service.","유저 참여 및 관계 데이터는 플랫폼 내부에 축적되어 있어, AI가 해당 서비스를 그대로 재현하는 데에는 한계가 있습니다.",エンゲージメントやユーザー間の関係に関するデータはプラットフォーム内にとどまるため、AIがサービスを再現することは困難です。,专有的用户参与数据和关系数据仍然保留在平台内部，从而限制了 AI 对服务的复制能力。,Organic acquisition strength and high loyalty due to network effects and habitual engagement drive strong customer relationships.,"네트워크 효과와 습관적인 이용이 오가닉 유저 유입과 고객 충성도를 끌어올리며, 전반적인 고객 관계도 강한 수준을 유지하고 있습니다.",ネットワーク効果と習慣的な利用により、自然流入による獲得力とロイヤルティが高く、強固な顧客関係を生み出しています。,网络效应与习惯性互动带来的高忠诚度，加上强劲的自然获客能力，共同推动了稳固的客户关系。,10,10,10,10,"Organic demand is strong, fueled by network effects, community behaviors, and embedded usage across platform.","오가닉 수요는 네트워크 효과와 커뮤니티 이용 행태, 플랫폼 전반에 걸친 사용 경험을 바탕으로 높은 수준을 유지하고 있습니다.",ネットワーク効果、コミュニティ内での行動、プラットフォーム全体に組み込まれた機能に支えられ、自然流入が主流です。,自然需求表现强劲，由网络效应、社区行为以及平台内嵌式使用场景所驱动。,9.5,9.5,9.5,9.5,"Retention is high, anchored by daily usage platforms, habitual engagement, and network lock-in.","매일 이용되는 플랫폼 구조와 습관적인 참여, 네트워크 효과로 인해 이탈이 어려운 구조가 형성되며 리텐션은 높은 수준을 유지하고 있습니다.",プラットフォームの日常的な利用、習慣的なエンゲージメント、ネットワーク効果によるロックインに支えられ、定着率は非常に高い水準にあります。,留存水平较高，其基础是日常使用的平台属性、习惯性参与以及网络锁定效应。,9.4,9.4,9.4,9.4,"Engagement is overwhelmingly app-led, with mobile as the dominant access point.",유저 참여는 모바일을 주요 접점으로 앱 중심으로 이루어집니다.,エンゲージメントは圧倒的にアプリ中心であり、モバイルデバイスが主要なアクセスポイントとなっています。,用户参与几乎完全由 App 主导，移动端是主要的访问入口。
FinTech,핀테크,フィンテック,金融科技,"Digital wallets, challenger banks, peer-to-peer payment platforms, trading and investing apps","디지털 월렛, 챌린저 뱅크, P2P 결제 플랫폼, 트레이딩/투자 앱",デジタルウォレット、チャレンジャーバンク、P2P決済プラットフォーム、トレーディング／投資アプリ,数字钱包、新型银行（Challenger Bank）、点对点支付平台，以及交易与投资类应用,"PayPal, Revolut, CashApp, Venmo, Credit Karma, Robinhood, Coinbase",,,,"FinTech maintains a strong defensive position with proprietary data moats and regulatory shields. While AI can educate and compare, it cannot access bureau data or approve loans. With 71% D7 to D30 retention and 81% engagement share on apps (vs. web), platforms can leverage unique data while selectively partnering with AI ecosystems to maintain visibility without losing control.","핀테크 산업은 독점적인 데이터 자산과 규제 장벽을 기반으로 상대적으로 강한 방어적 위치를 유지하고 있습니다. AI는 금융 정보에 대한 학습이나 비교에는 활용될 수 있지만, 신용정보 접근이나 대출 승인과 같은 핵심 기능까지 수행할 수는 없습니다. D7~D30 리텐션이 71%에 이르고, 전체 인게이지먼트의 81%가 웹 대비 앱에서 발생하는 구조를 고려할 때, 핀테크 플랫폼은 고유한 데이터에 대한 통제력을 유지하면서도 AI 생태계와 선택적으로 협력함으로써 가시성을 확보할 수 있습니다.",フィンテック業界は、独自のデータという「モート（堀）」に加え、法規制という盾によって強力な防御体制を築いています。AIは金融情報の提供や比較はできますが、信用調査機関のデータにアクセスしたり、ローンを承認したりすることはできません。最初の7〜30日間で71％という高い定着率と81％のアプリエンゲージメント (Webに対し) を誇るこの業界のプラットフォームは、独自のデータを武器にしつつ、AIエコシステムとも戦略的に提携することで、主導権を失うことなく存在感を維持しています。,金融科技凭借专有数据护城河以及监管屏障，维持了较强的防御地位。尽管 AI 能够提供金融知识和比价服务，但其无法访问征信数据或完成贷款审批。在 D7 至 D30 留存率达到 71%、且 81% 的用户参与发生在 App（而非 Web）上的情况下，平台可以利用独特数据优势，并选择性地与 AI 生态合作，在保持可见度的同时不失去控制权。,AI isn't sending you ten options anymore. It's sending you one - and we need to be that one,"AI는 수많은 선택지를 나열하지 않고, 하나의 답만 제시합니다. 결국 경쟁의 목표는 그 ‘하나’가 되는 것입니다.",「今日のAIは10個の選択肢を提示しません。提示されるのは『たった1つ』です。私たちは、その選ばれる1つにならなければなりません」,AI 不再给你十个选择，而是只给出一个——而我们必须成为那个被选中的答案。,"Director of Growth Market, Financial Services Comparison Platform","금융 서비스 비교 플랫폼, 그로스 마케팅 디렉터'","ファイナンスサービス比較プラットフォーム 
グロースマーケットディレクター",增长营销总监，金融服务比价平台,"An LLM can tell you the 10 best balance transfer cards, but it can't tell you how likely you are to be approved. We can.",LLM은 카드 잔액을 이전할 때 조건이 좋은 상품 10가지를 추천할 수는 있습니다. 하지만 실제 승인 가능성까지 판단해주지는 못합니다. 그건 우리가 할 수 있는 영역입니다.,「AIは『借り換えに最適なカード10選』を教えることはできても、審査に通る確率までは教えてくれません。私たちにはそれができます」,LLM 可以告诉你最优的十张余额转移信用卡，但它无法判断你获得审批的概率。而我们可以。,"Director of Growth Market, Financial Services Comparison Platform","금융 서비스 비교 플랫폼, 그로스 마케팅 디렉터","ファイナンスサービス比較プラットフォーム
グロースマーケットディレクター",增长市场总监，金融服务比价平台,,,,,,,,,"Discovery disrupted as queries move to AI, but proprietary data and regulatory barriers remain a moat.","검색 질의가 AI로 이동하며 발견 단계는 영향을 받고 있지만, 독점적 데이터와 규제 환경은 그 변화를 완화하는 역할을 하고 있습니다.",検索がAIへ移行することで「発見」プロセスにディスラプションが生じていますが、独自のデータと法規制の壁が依然として「モート（堀）」として機能しています。,随着查询行为向 AI 转移，发现环节受到冲击，但专有数据和监管壁垒仍然构成护城河。,Moderate,중간,中程度,中等,Moderate risk as search shifts to AI and winner-takes-all answers.,"검색이 AI로 전환되며 결과가 일부 답변으로 집중되면서, 중간 수준의 변화 리스크가 커지고 있습니다.",検索がAIへとシフトし、「勝者総取り」形式になることで、中程度のリスクが生じています。,随着搜索向 AI 迁移并呈现赢家通吃的答案形态，风险处于中等水平。,High,높음,高い,高,"AI can rank and list products, as well as provide educational financial information.",,AIは、役立つ金融情報の提供に加え、商品のランク付けやリストの作成を行うことができます。,AI 可以对产品进行排序和列表展示，并提供金融教育类信息。,Moderate,중간,中程度,中等,"Proprietary bureau and lender data sit with major platforms, limiting AI replication.","신용 정보 기관과 대출 기관의 독점 데이터는 주요 플랫폼이 보유하고 있어, AI가 이를 기반으로 서비스를 재현하는 데에는 한계가 있습니다.",主要プラットフォームが保有する独自の信用調査データや貸付データが、AIによる再現を制限しています。,专有的征信机构数据和放贷方数据掌握在大型平台手中，限制了 AI 的复制能力。,Strong acquisition strength and sustained loyalty reflect strong customer relationships.,강한 유저 확보 역량과 지속적으로 유지되는 고객 충성도가 견고한 고객 관계로 이어지고 있습니다.,高い顧客獲得力と持続的なロイヤルティが、強固な顧客関係につながっています。,强劲的获客能力与持续的忠诚度，体现出稳固的客户关系。,9.2,9.2,9.2,9.2,"Organic demand is very strong, with most users arriving via search, credit score and report services, and brand familiarity. Paid traffic plays a smaller role compared to other verticals.","오가닉 수요는 매우 강한 편으로, 대부분의 유저가 검색, 신용 점수 및 리포트 서비스, 그리고 브랜드 인지도를 통해 유입됩니다. 유료 트래픽은 다른 산업군에 비해 상대적으로 비중이 낮습니다.",自然流入の割合が非常に大きく、ほとんどのユーザーは検索、クレジットスコア／レポートサービス、ブランド認知を通じて流入します。他の業界に比べて有料広告の役割は控えめです。,自然需求非常强劲，大多数用户通过搜索、信用评分和报告服务以及对品牌的熟悉度进入。与其他垂直行业相比，付费流量所占比例较小。,8.3,8.3,8.3,8.3,"Retention is strong, anchored by recurring use of credit scores, reports, and notifications that keep members engaged and returning regularly.","신용 점수와 리포트, 알림 기능을 반복적으로 이용하는 패턴이 리텐션을 강화하며, 멤버의 재방문과 지속적인 이용으로 이어지고 있습니다.",定着率が高く、クレジットスコアの確認、レポート、通知などの機能の継続的な利用が、ユーザーのエンゲージメントと再訪を維持する基盤となっています。,留存表现强劲，其基础是对信用评分、报告以及通知的反复使用，这些机制使会员持续参与并定期回访。,8.1,8.1,8.1,8.1,"Engagement is highly app-led, with many integrated into everyday financial management.","전반적으로 앱에서 높은 참여가 나타나며, 많은 서비스가 일상적인 금융 활동에 자연스럽게 사용되고 있습니다.",エンゲージメントはアプリ中心であり、多くのユーザーが日常的な資産管理の一部としてアプリを利用しています。,用户参与高度以 App 为中心，其中许多功能已整合进日常金融管理场景。
Financial Services,금융 서비스,ファイナンスサービス,金融服务,Banking and consumer platforms supporting account management and personal finance,계좌 관리 및 개인 금융을 지원하는 뱅킹 및 소비자 금융 플랫폼,口座管理や個人財務管理をサポートする銀行および消費者向けプラットフォーム,支持账户管理与个人理财的银行与面向消费者的金融服务平台,"Chase, Wells Fargo, Citi, HSBC, BBVA, Lloyds, Capital One",,,,"Financial services enjoy maximum protection through regulatory moats and switching costs. With less than a third of discovery traffic vulnerable and strong retention, traditional banks face minimal AI threat. Core workflows require licenses and compliance AI cannot replicate. The opportunity lies in using AI to enhance personalization while maintaining trust and regulatory advantages that new entrants cannot match.","금융 서비스 산업은 규제 장벽과 높은 전환 비용을 바탕으로 가장 강력한 보호 구조를 갖추고 있습니다. 발견 단계 트래픽 중 AI로 인해 취약해질 수 있는 비중이 3분의 1 미만에 불과하고, 리텐션 역시 견조한 수준을 유지하고 있어 전통 금융사가 AI로부터 받는 직접적인 영향은 크지 않습니다. 핵심 금융 업무는 라이선스와 컴플라이언스 요건을 전제로 하며, 이는 AI가 대체할 수 없는 영역입니다. 이러한 환경에서의 기회는 기존의 신뢰 자산과 규제 우위를 바탕으로 AI를 활용해 개인화 경험을 고도화하는 데 있으며, 이는 신규 진입자가 쉽게 따라올 수 없는 경쟁 요소로 작용합니다.",ファイナンスサービス業界は、法規制という「モート（堀）」と、他社への乗り換えの手間やコストなどによって、最大限に保護されています。AIの影響を受けやすいチャネルからのトラフィックは30%未満と少ない上、定着率も高く、従来型の銀行がAIから受ける脅威は最小限にとどまっています。中核となる業務フローには、AIでは再現できない免許取得とコンプライアンスが不可欠です。今後の好機は、新規参入者が真似できない「信頼」と「規制上の優位性」を維持しつつ、AIを活用してパーソナライゼーションを強化することにあります。,传统金融服务通过监管护城河和转换成本，享有最高程度的保护。在发现流量中，易受影响的比例不足三分之一，且留存表现强劲，使得传统银行面临的 AI 威胁极小。核心业务流程需要牌照和合规能力，这是 AI 无法复制的。真正的机会在于利用 AI 提升个性化体验，同时保持新进入者难以匹敌的信任基础和监管优势。,"Financial services will be behind other industries in agentic commerce - people still need to read terms, review details, and apply manually.","금융 서비스는 특성상 에이전틱 커머스 적용 속도가 다른 산업보다 느릴 가능성이 큽니다. 절차상 여전히 사람이 약관을 직접 읽고, 세부 내용을 검토한 뒤, 수동으로 신청해야 하기 때문입니다.",「金融サービスでは、他の業界に比べて『エージェントコマース』の発展に時間がかかるでしょう。人々は依然として規約を読み、詳細を確認し、手動で申し込む必要があるからです」,在代理型商业方面，金融服务的推进速度将落后于其他行业——人们仍然需要阅读条款、审核细节，并手动完成申请流程。,"Head of Digital Marketing Platforms, Leading Bank","주요 은행, 디지털 마케팅 플랫폼 총괄","大手銀行 デジタル・マーケティング・
プラットフォーム部門責任者",数字营销平台负责人，头部银行,"Once customers set up direct deposit or bill pay, they're very unlikely to switch– retention is built into the way people use our products",급여 이체나 자동이체를 한 번 설정하면 고객이 다른 서비스로 옮길 가능성은 거의 없습니다. 사람들이 우리 제품을 사용하는 방식 자체가 자연스럽게 장기 이용으로 이어지기 때문입니다.,「顧客は、一度給与振込や公共料金の支払いを設定すると、他行へ乗り換える可能性は極めて低くなります。つまり、プロダクトの利用の仕方そのものに、リテンションの仕組みが組み込まれているのです」,一旦客户设置了自动转账或账单支付，他们就极不可能再更换平台——留存已经内嵌在用户使用我们产品的方式之中。,"Global Head of Digital Marketing Platforms, Leading Bank",주요 은헹. 디지털 마케팅 플랫폼 글로벌 총괄,"大手銀行 デジタル・マーケティング・
プラットフォーム部門グローバル責任者",数字营销平台主管，头部银行,"The majority of our acquisition spend is still on digital display and paid search, with TV and social making up a much smaller share","현재 유저 확보 예산의 대부분은 여전히 디지털 디스플레이 광고와 유료 검색에 쓰이고 있으며, TV와 소셜 채널이 차지하는 비중은 상대적으로 매우 낮은 편입니다.",「顧客獲得予算の大部分は、今もデジタルディスプレイ広告と有料検索に割かれており、テレビやSNSでの広告が占める割合は、それらよりはるかに小さいです」,我们大部分的获客支出仍然用于数字展示广告和付费搜索，而电视和社交渠道所占的比例要小得多。,"Global Head of Digital Marketing Platforms, Leading Bank","주요 은행, 디지털 마케팅 플랫폼 글로벌 총괄","大手銀行 デジタル・マーケティング・
プラットフォーム部門グローバル責任者",数字营销平台主管头部银行,"Stable against AI disruption, supported by regulatory, data moats, and low discovery disruption risk.","규제와 데이터 환경이 완충 역할을 하면서 전반적인 안정성이 유지되고 있고, 발견 단계의 AI 변화 리스크도 낮습니다.",法規制とデータが「モート（堀）」を形成し、発見プロセスにおけるAIディスラプションの影響も少ないため、安定しています。,在监管保护、数据护城河以及较低的发现颠覆风险支撑下，对 AI 颠覆保持相对稳定。,Low,낮음,低い,低,Low disruption due to low exposure to organic channels.,"오가닉 채널에 대한 의존도가 낮아, 변화 리스크는 낮은 수준입니다.",オーガニックチャネル経由での流入が少ないため、リスクは低いです。,由于对自然渠道的暴露程度较低，颠覆风险较低。,Moderate,중간,中程度,中等,"AI can offer financial advice and transactional tools, but can't replicate core products (i.e., mortgages, accounts) that involve regulated workflows and human verification.",,AIは資金運用に関するアドバイスや取引ツールを提供することはできますが、規制に準拠する業務フローや本人確認を要する中核商品（住宅ローンや口座開設など）を代替することはできません。,AI 可以提供金融建议和交易工具，但无法复制涉及监管流程和人工核验的核心产品（例如按揭贷款和账户服务）。,Low,낮음,低い,低,Banks' proprietary datasets of transaction history across millions of users ensure a high moat for personalization and product recommendations.,수백만 명의 거래 이력을 보유한 은행의 독점 데이터는 개인화와 상품 추천 경쟁력의 핵심 기반입니다.,数百万人に及ぶユーザーの取引履歴という銀行独自のデータセットは、パーソナライゼーションや商品のレコメンデーションにおいて強力な「モート（堀）」となります。,银行掌握覆盖数百万用户交易历史的专有数据集，为个性化和产品推荐构建了极高的护城河。,"Customer relationships are reinforced by trust, but engagement is primarily on web.","신뢰를 기반으로 고객 관계는 유지되고 있지만, 주요 참여는 웹 중심으로 이루어지고 있습니다.",顧客関係は「信頼」によって強化されますが、エンゲージメントは主にWebサイトで発生します。,信任强化了客户关系，但互动主要发生在 Web 端。,9.9,9.9,9.9,9.9,"Life-stage triggers (i.e., buying a home, starting
college) drive high-intent organic demand. Large
banks' trust and domain authority keep them
prominent in organic results.",주택 구매나 대학 진학과 같은 인생의 중요한 전환 시점이 명확한 의도와 오가닉 유입을 만들어냅니다. 또한 대형 은행에 대한 신뢰와 영향력이 오가닉 노출을 안정적으로 유지합니다.,人生の節目となるイベント（住宅購入や大学入学など）がトリガーとなって、契約意欲の高い消費者による自然流入を生みます。大手銀行の信頼性とドメインの権威性により、オーガニック検索結果でも上位を維持しています。,人生阶段触发因素（例如购房、开始大学生活）会推动高意图的自然需求。大型银行所具备的信任基础和域名权威性，使其在自然搜索结果中保持显著位置。,10,10,10,10,"Switching costs keep churn low. Points and rewards reinforce
retention.","서비스 변경에 따른 부담이 있어 이탈은 낮은 편이며, 포인트와 리워드가 리텐션을 강화하고 있습니다.",乗り換えの手間やコストなどにより、解約率は低く抑えられています。ポイントや特典も利用の継続を後押ししています。,转换成本使流失率保持在较低水平。积分和奖励机制进一步强化了留存。,4.8,4.8,4.8,4.8,"Apps are increasingly used for ongoing engagement like daily
banking, but web is still central. Web also plays secondary role for research and sign-ups.",앱은 일상적인 뱅킹 등 지속적인 이용의 핵심 채널로 활용되고 있습니다. 다만 웹 역시 리서치와 회원 가입 단계에서 여전히 중요한 보조적인 역할을 합니다.,日常的な銀行サービスの利用など、継続的なエンゲージメントにおいてアプリの使用が増えていますが、依然としてWebサイトが中心です。また、情報収集や新規申し込みにおいてもWebサイトが補助的な役割を担っています。,App 越来越多地用于持续性参与场景，例如银行日常业务，但 Web 仍然处于核心地位。Web 也在研究和注册环节发挥次要作用。
Media & Streaming,미디어 및 스트리밍,"メディア＆
ストリーミング",媒体与流媒体,"OTT video and audio platforms, digital live-streaming services","OTT 비디오/오디오 플랫폼, 디지털 라이브 스트리밍 서비스",OTT動画／音声プラットフォーム、デジタル・ライブ・ストリーミングサービス,OTT 视频与音频平台，以及数字化直播服务,"YouTube, Spotify, Netflix, Amazon Prime, Disney, Max, Soundcloud, Apple Music, JioHotstar, Gaana",,,,"Media and Streaming platforms benefit from content rights and licensing barriers AI can't breach. With strong retention and subscription models, they face limited disruption. While AI can recommend content, it can't access proprietary content libraries. The opportunity is using AI to enhance personalization and discovery while maintaining exclusive content as the ultimate moat.","미디어 및 스트리밍 플랫폼은 AI가 침범할 수 없는 콘텐츠 판권과 라이선스 장벽을 기반으로 구조적인 이점을 가지고 있습니다. 높은 리텐션과 구독 중심의 비즈니스 모델 덕분에 AI로 인한 직접적인 변화 리스크는 제한적인 편입니다. AI는 콘텐츠 추천에는 활용될 수 있지만, 플랫폼이 보유한 독점 콘텐츠에는 접근할 수 없습니다. 결국 기회는 독점 콘텐츠라는 핵심 경쟁력을 유지한 상태에서, AI를 활용해 개인화와 콘텐츠 탐색 경험을 한층 고도화하는 데에 있습니다.",メディア＆ストリーミングプラットフォームは、AIが侵害できないコンテンツの権利やライセンスの壁によって守られています。高い定着率と強力なサブスクリプションモデルにより、ディスラプションは限定的です。AIは作品を推奨することはできても、プラットフォーム独自のコンテンツライブラリにアクセスすることはできません。今後の好機は、AIを活用してパーソナライゼーションや発見プロセスを強化しつつ、究極の「モート（堀）」として独占コンテンツを維持し続けることにあります。,媒体与流媒体平台受益于 AI 无法突破的内容版权与授权壁垒。在留存表现强劲、且以订阅模式为主的情况下，其面临的颠覆风险有限。尽管 AI 可以进行内容推荐，但无法访问专有内容库。真正的机会在于利用 AI 提升个性化和发现体验，同时将独家内容作为最终护城河。,The traditional entry points of SEO and app stores are exposed - AI can sit on top and redirect that traffic.,기존의 SEO와 앱 스토어 유입 구조는 AI가 상단에서 트래픽을 가로채는 환경에 노출돼 있습니다.,「SEOやアプリストアといった従来の入り口はAIの脅威にさらされています。AIが上位に位置し、トラフィックを別の場所に誘導する可能性があるためです」,传统的 SEO 和应用商店入口已经暴露在风险之中——AI 可以位于其之上，并重新分配这些流量。,"Head of Marketing, Global Streaming App","글로벌 스트리밍 앱, 마케팅 총괄","グローバルストリーミングアプリ
マーケティング責任者",营销负责人，全球流媒体 App,"Retention is built on content access and rights, not just marketing spend.","리텐션은 단순히 마케팅 비용으로 만들어지는 것이 아니라, 콘텐츠에 대한 접근성과 독점성 위에서 형성됩니다.",「リテンションは、単なるマーケティング予算の投下ではなく、コンテンツへのアクセスとライセンスの上に成り立つものです」,留存建立在内容获取权和内容权益之上，而不仅仅依赖营销投入。,"Head of Marketing, Global Streaming App","글로벌 스트리밍 앱, 마케팅 총괄","グローバルストリーミングアプリ
マーケティング責任者",营销负责人，全球流媒体 App,,,,,,,,,AI disrupts discovery but faces rights and licensing barriers.,"AI가 발견 방식을 바꾸고 있지만, 권리/라이선스 장벽으로 인해 아직 제한적인 수준에 머물고 있습니다.",AIは発見プロセスに破壊的変化をもたらしますが、コンテンツの権利やライセンスの壁に直面します。,AI 对发现环节形成颠覆，但在服务层面仍面临版权和授权方面的限制。,Moderate,중간,中程度,中等,"High exposure as AI intermediates search, recommendations, and engagement.","AI가 검색, 추천, 참여 과정을 중개하면서, AI 영향에 따른 리스크가 커지고 있습니다.",AIが検索やレコメンデーション、エンゲージメントの間に介在することで、ディスラプションの影響を大きく受けています。,随着 AI 在搜索、推荐和互动中发挥中介作用，暴露程度较高。,Moderate,중간,中程度,中等,"AI can replicate recommendations and search, but licensing and production remain protected.",,AIはレコメンデーションや検索などの機能を再現できますが、依然として、ライセンス管理やコンテンツ制作を行うことはできません。,AI 可以复制推荐和搜索功能，但在服务层面仍受到版权和生产环节的保护。,Low,낮음,低い,低,"Strict copyright and licensing regimes prevent AI from replicating or distributing protected media content, keeping disruption risk low.","엄격한 저작권 및 라이선싱 체계로 인해 AI가 보호된 미디어 콘텐츠를 복제하거나 학습 및 유통하는 데 제약이 있으며, 그 결과 변화 리스크는 낮은 수준으로 유지되고 있습니다.",厳格な著作権とライセンス制度により、保護されたメディアコンテンツをAIが複製・学習・配布することはできないため、リスクは低く抑えられています。,严格的版权和授权制度阻止 AI 对受保护的媒体内容进行复制、训练或分发，从而使颠覆风险保持在较低水平。,Strong loyalty supported by recurring engagment and higher app-led engagement leading to strong customer relationships.,"반복적인 이용과 앱 중심의 높은 참여가 충성도를 강화하며, 강한 고객 관계로 이어지고 있습니다.",継続的な利用と、アプリ中心の深いエンゲージメントに支えられた高いロイヤルティが、強固な顧客関係の構築につながっています。,重复互动与更高的 App 侧互动支撑了较强的忠诚度，从而推动形成稳固的客户关系。,8.6,8.6,8.6,8.6,"Organic demand is strong for initial installs, but performance marketing is essential to drive paid conversions and sustain growth.","초기 설치 단계에서는 오가닉 수요가 강하지만, 유료 전환을 유도하고 성장을 지속하기 위해서는 퍼포먼스 마케팅이 필수적입니다.",初回インストールの多くが自然流入によるものですが、有料プランへのコンバージョンを促進し、成長を維持するためには、パフォーマンスマーケティングが不可欠です。,初次安装阶段的自然需求表现强劲，但为了推动付费转化并维持增长，效果型营销仍然至关重要。,8.1,8.1,8.1,8.1,"Loyalty is strong, supported by subscription models and recurring engagement features that encourage long-term use.","구독 모델과 반복적인 참여를 유도하는 기능을 바탕으로 고객 충성도는 강한 편이며, 장기적인 이용으로 이어지고 있습니다.",サブスクリプションモデルと、長期利用を促す継続的なエンゲージメント機能により、ロイヤルティは高い状態にあります。,忠诚度较强，由订阅模式以及鼓励长期使用的持续互动功能所支撑。,8.3,8.3,8.3,8.3,"Engagement spans multiple platforms, with mobile apps at the core, complemented by web and TV apps, ensuring access across devices.","유저 참여는 여러 플랫폼에 걸쳐 나타나며, 모바일 앱을 중심으로 웹과 TV 앱이 보조 채널로 활용되어 다양한 디바이스에서 이용이 가능합니다.",エンゲージメントは複数のプラットフォームにまたがっています。モバイルアプリを中心に、WebサイトやTVアプリがこれを補完し、あらゆるデバイスからのアクセスを可能にしています。,用户参与覆盖多个平台，以移动 App 为核心，并由 Web 和电视 App 进行补充，从而确保跨设备的可达性。
On-Demand Services,"온디맨드 서비스(배달, 모빌리티, QSR)","オンデマンド<customBreak />
サービス",即时需求服务,"Digital-first consumer apps for ride-hailing, food delivery, grocery delivery, and QSRs","디지털 중심 승차 호출 서비스(라이드헤일링), 음식 배달/장보기, QSR 앱",デジタルファーストのライドシェア、フードデリバリー、食料品配達、クイックサービスレストラン（QSR）などの消費者向けアプリ,以数字化为核心的即时需求消费应用，包括网约车、外卖配送、杂货配送与 QSR（快餐）,"Uber, Doordash, Lyft, Resy, Instacart, McDonalds, Starbucks, TaskRabbit",,,,"On-demand services remain protected by real-world logistics AI cannot replicate. Relatively strong retention and proprietary merchant/courier networks means platforms face limited disruption. While AI may handle ordering, fulfillment requires physical infrastructure. The opportunity is preparing for agentic reorders while strengthening in-app discovery and cross-category expansion.","온디맨드 서비스는 AI가 대체할 수 없는 현실 세계의 운영·배송 인프라를 기반으로 비교적 안정적인 위치를 유지하고 있습니다. 리텐션 역시 비교적 견조하고, 자체 판매자 및 라이더 네트워크를 보유한 구조로 인해 AI로 인한 직접적인 변화 리스크는 제한적인 편입니다. AI가 주문 단계까지는 처리할 수 있더라도, 실제 서비스 제공은 여전히 물리적인 인프라를 필요로 합니다. 이러한 환경에서의 기회는 AI가 주문을 대신 실행하는 에이전틱 재주문 방식에 대비하는 동시에, 앱 내 탐색 경험과 카테고리 확장을 강화하는 데에 있습니다.",オンデマンドサービスは、AIでは再現不可能な現実世界のロジスティクスによって引き続き保護されています。比較的高い定着率に加え、加盟店と配達の独自ネットワークに支えられ、この業界のプラットフォームが受けるAIディスラプションの影響は限定的です。AIが注文処理を行うことができても、注文の履行には物理的なインフラが不可欠だからです。今後の好機は、アプリ内での発見プロセスやカテゴリー横断的な拡大を強化しつつ、AIエージェントによる再注文への対応準備を進めることにあります。,即时需求服务仍然受到 AI 无法复制的现实世界物流能力的保护。相对较强的留存表现以及专有的商户和骑手网络，使平台面临的颠覆风险有限。尽管 AI 可能承担下单环节，但履约仍然依赖物理基础设施。平台的机会在于为代理型复购做好准备，同时强化 App 内发现能力和跨品类扩展。,"Most of conversion today comes from promotions, but you can't offer a promo inside an LLM answer. Over time, conversion will depend more on brand trust, and eventually agentic commerce will take hold.","현재 전환의 상당 부분은 여전히 프로모션에 의존하고 있습니다. 하지만 LLM 환경에서는 답변 안에 프로모션을 담을 수 없습니다. 시간이 지날수록 전환의 핵심은 브랜드에 대한 신뢰로 이동하게 될 것이며, 궁극적으로는 에이전틱 커머스가 본격화될 것입니다.",「現在、コンバージョンの大部分はプロモーションによるものですが、AIによる回答の中にプロモーションを含むことはできません。長期的には、コンバージョンはブランドへの信頼に、より大きく依存するようになり、最終的にはエージェントコマースが定着していくでしょう」,当下大多数转化仍然来自促销，但你无法在 LLM 的回答中直接提供促销信息。随着时间推移，转化将越来越依赖品牌信任，最终代理型商业模式也将逐步成熟。,"Head of Marketing Strategy, Global Food Delivery App","글로벌 푸드 딜리버리 앱, 마케팅 전략 총괄","グローバル・フード・デリバリー・アプリ
マーケティング戦略責任者",营销战略负责人，全球外卖配送 App,"AI can help people decide what to order, but they can't pick up the food. Even if an assistant places the order, it still runs on our network with data-merchant integrations, logistics, fraud, and customer care.","AI는 무엇을 주문할지 결정하는 데에는 도움을 줄 수 있지만, 음식을 직접 가져다주지는 못합니다. 설령 어시스턴트가 주문을 대신 넣더라도, 실제 주문 처리는 데이터와 판매자 연동, 물류 운영, 사기 방지, 고객 지원 등 우리가 구축해온 플랫폼 전반을 통해 이루어집니다.",「AIは何を注文するか決める手助けはできても、料理を受け取ることはできません。たとえAIアシスタントが注文しても、それは依然として我々のネットワークとデータ（加盟店との連携、ロジスティクス、不正検出、カスタマーケア）を使用して履行されます」,AI 可以帮助用户决定点什么，但它无法取餐。即使由助手完成下单，整个流程仍然运行在我们的网络之上，包括数据与商户集成、物流、风控以及客户服务。,"Head of Marketing Strategy, Global Food Delivery App","글로벌 푸드 딜리버리 앱, 마케팅 전략 총괄","グローバル・フード・デリバリー・アプリ
マーケティング戦略責任者",营销战略负责人，全球外卖配送 App,"Compared with digital-only categories, on-demand has lower takeover risk from AI because the value sits in proprietary merchant/courier networks and transaction data.","디지털 중심 카테고리와 비교하면, 온디맨드 분야는 AI로 인한 변화 리스크가 더 낮습니다. 경쟁력의 중심이 독점적인 가맹점/라이더 네트워크와 거래 데이터에 있어, AI가 이를 대체하기 어렵기 때문입니다.",「デジタルのみで完結するカテゴリーと比べて、オンデマンド業界がAIに乗っ取られるリスクは低いです。価値の源泉が、独自の加盟店・配達のネットワークや取引データにあるからです」,与纯数字化品类相比，即时需求服务被 AI 接管的风险更低，因为其价值体现在专有的商户与配送网络以及交易数据之中。,"Partnerships Director, LLM","글로벌 LLM 기업, 파트너십 디렉터","LLM開発会社
パートナーシップ責任者",合作伙伴总监，LLM,"Real-time proprietary data and logistics protect service, while dependence on social and search creates moderate discovery disruption.","실시간 독점 데이터와 물류 역량이 서비스를 뒷받침하고 있지만, 소셜과 검색 채널 의존도가 높아 발견 단계에서는 중간 수준의 변화 리스크가 존재합니다.",独自のリアルタイムデータとロジスティクスによってサービスが保護されていますが、SNSや検索への依存により、発見プロセスにおいて中程度のディスラプションが発生しています。,实时的专有数据和物流能力对服务形成保护，但对社交和搜索渠道的依赖，使发现环节出现中等程度的颠覆。,Moderate,중간,中程度,中等,"Moderate disruption due to exposure to social, paid search, and organic search.","소셜, 유료 검색, 오가닉 검색에 대한 의존으로 인해 중간 수준의 변화 리스크가 나타나고 있습니다.",SNS、有料検索、オーガニック検索経由での流入があるため、中程度のリスクがあります。,由于暴露于社交、付费搜索和自然搜索渠道，颠覆程度处于中等水平。,Low,낮음,低い,低,End-to-end service lies within real-world logistics and merchant networks. AI can aid decisions but can't complete deliveries.,,エンドツーエンドのサービスは、現実世界のロジスティクスと加盟店ネットワークによって支えられています。AIは意思決定を支援できても、配達を完遂することはできません。,端到端服务依赖于现实世界中的物流体系和商户网络。AI 可以辅助决策，但无法完成实际交付。,Very Low,매우 낮음,極めて低い,极低,On-demand platforms hold proprietary transaction and logistics data. AI lacks access to replicate these datasets.,"온디맨드 플랫폼은 거래 및 물류와 관련된 독점 데이터를 보유하고 있어, AI가 이를 그대로 재현하기는 어렵습니다.",オンデマンドプラットフォームは、独自の取引データやロジスティクスデータを保有しています。AIにはこれらのデータセットを再現するためのアクセス権がありません。,即时需求平台掌握专有的交易数据和物流数据，AI 无法访问这些数据集来进行复制。,"Customer ties anchored in convenience and app-first use, despite lower loyalty.","충성도는 다소 낮은 편이지만, 편의성과 앱 우선 이용 패턴을 기반으로 고객 관계는 유지되고 있습니다",ロイヤルティ自体は低いものの、利便性と「アプリファースト」の利用形態が顧客との結びつきを支えています。,尽管忠诚度较低，客户关系仍由便利性以及以 App 为先的使用方式所支撑。,8,8,8,8,"Immediate, high-intent needs plus strong brand awareness and dense local coverage drive a large share of organic installs. Word-of-mouth and partnerships with restaurants and retailers reinforce pull.","즉각적이고 명확한 이용 니즈, 높은 브랜드 인지도, 지역 전반에 촘촘히 구축된 네트워크가 오가닉 설치의 상당 부분을 이끌고 있습니다. 또한 입소문과 레스토랑 및 리테일 파트너십이 오가닉 유입을 더욱 확대합니다.",「今すぐ必要」という強い購入意欲を伴うニーズに加え、高いブランド認知度と地域密着型の充実したカバレッジが、オーガニックインストールの大部分を牽引しています。口コミや、飲食店・小売店とのパートナーシップも自然流入を促進しています。,即时且高意图的需求，加之强劲的品牌认知和密集的本地覆盖，推动了大量自然安装。口碑传播以及与餐厅和零售商的合作进一步强化了拉力。,6.7,6.7,6.7,6.7,"Habit and convenience anchor repeat use. Subscriptions, personalized promos, and saved favorites keep cohorts active. Deal-seeking behavior creates some churn pressure.","습관성과 편의성이 반복 이용을 유도합니다. 구독, 개인화된 프로모션, 저장 기능은 유저의 활동을 유지하는 데 기여하는 반면, 할인 중심의 이용 행태로 인해 일부 이탈은 발생합니다.",習慣化と利便性がリピート利用の軸となっています。サブスクリプションやパーソナライズされたプロモーション、お気に入り登録機能などがユーザーをつなぎとめています。一方で、よりお得なプロモーションを求める行動が、離脱の圧力となっています。,使用习惯和便利性支撑了重复使用。订阅、个性化促销以及已保存的偏好设置使用户群体保持活跃，而追逐优惠的行为也带来一定的流失压力。,8.4,8.4,8.4,8.4,"Ordering, live tracking, support, substitutions, and tipping are all app-native. Web has essential functionality and FAQ, but ongoing engagement and monetization are in-app.","주문, 실시간 트래킹, 고객 지원, 상품 대체, 팁 제공 등 핵심 기능은 모두 앱 중심으로 제공됩니다. 웹 역시 필수 기능과 FAQ를 제공하지만, 지속적인 참여와 수익화는 앱 내에서 이루어집니다.",注文、リアルタイム追跡、サポート、代替品の選択、チップの支払いなどはすべてアプリ固有の機能です。Webサイトにも最低限の機能や「よくある質問」セクションがありますが、継続的なエンゲージメントや収益化はアプリ内で発生します。,下单、实时追踪、客服支持、替换选项以及打赏均为 App 原生行为。Web 提供必要功能和常见问题解答，但持续的用户参与和变现发生在 App 内。
Auto OEMs,자동차 OEM,自動車メーカー,汽车主机厂,Digital selling Car and 2W OEMs which have significant digital presence,디지털 판매 비중이 높은 자동차 및 이륜차(2W) OEM,デジタルプレゼンスを確立している自動車／バイクメーカーのECプラットフォーム,具备显著数字化触点与直销能力的汽车及 2W（两轮车）OEM（主机厂）,"Tesla, Rivian, Polestar, Mercedes Benz, BMW, Mazda, OLA Electric",,,,"Auto OEMs maintain strong position through brand equity and dealer networks. With 60% D7 to D30 retention and minimal AI disruption risk, luxury brands especially remain resilient. While AI can assist configuration, high-value purchases require in-person validation. The opportunity is enhancing digital tools while preserving the aspirational brand experience that AI can't commoditize.","자동차 OEM은 강력한 브랜드 자산과 딜러 네트워크를 기반으로 안정적인 위치를 유지하고 있습니다. D7~D30 리텐션이 60%에 달하고 AI로 인한 직접적인 변화 리스크도 제한적인 가운데, 특히 럭셔리 브랜드는 상대적으로 안정적인 모습을 보이고 있습니다. AI가 차량 구성이나 옵션 선택을 보조할 수는 있지만, 고가의 구매 결정에는 여전히 오프라인에서의 직접적인 검증과 경험이 필요합니다. 이러한 환경에서의 기회는 디지털 툴을 고도화하는 동시에, AI로는 대체하기 어려운 브랜드의 상징성과 감성적 가치를 유지하고 강화하는 데에 있습니다.",自動車メーカー（OEM）は、ブランド力とディーラーネットワークによって強固な地位を維持しています。最初の7〜30日間で60％という高い定着率を誇り、AIディスラプションのリスクも最小限であるため、特に高級ブランドは依然として高いレジリエンスを確保しています。AIは車両の構成を支援することはできますが、高額な購入には対面での確認が不可欠です。今後の好機は、AIがコモディティ化できない「憧れのブランド体験」を維持しつつ、デジタルツールを強化していくことにあります。,汽车主机厂通过品牌资产和经销商网络，维持了较强的市场地位。在 D7 至 D30 留存率达到 60%、且 AI 颠覆风险较低的情况下，尤其是豪华品牌表现出较强的韧性。尽管 AI 可以辅助配置流程，但高价值购买仍然需要线下验证。其机会在于在提升数字化工具能力的同时，保留 AI 无法商品化的品牌向往体验。,"AI can replicate things like configurators or trade-in calculators, but those are already digital. The bigger question is whether people will trust it for a $50,000 purchase.",AI는 차량 구성 도구나 기존 차량 보상가를 계산해주는 르레드인 툴 같은 기능은 충분히 구현할 수 있습니다. 하지만 이런 기능들은 이미 디지털화된 영역입니다. 더 중요한 질문은 사람들이 5만 달러에 달하는 고가의 구매 결정을 AI에 맡길 만큼의 신뢰를 가질 수 있느냐는 점입니다.,「AIは仕様選択ツールや下取り査定ツールのような機能を再現できますが、それらはすでにデジタル化されています。より重要な論点は、5万ドル（約790万円）もの買い物において、人々がAIを信頼するかどうかです」,AI 可以复制配置器或置换估价工具等功能，但这些本身就已经是数字化的。更大的问题在于，人们是否会信任 AI 来完成一笔 5 万美元的购买。,"CMO, Global Automotive Manufacturer","글로벌 자동차 제조사, CMO","グローバル自動車メーカー
最高マーケティング責任者",首席营销官（CMO），全球汽车制造商,"Discovery is already moving in-app. TikTok and Autotrader are embedding pricing, trade-ins, and financing directly inside the platform.","유저는 이미 앱 안에서 발견 단계를 경험하고 있습니다. TikTok과 Autotrader는 가격 정보, 트레이드인, 금융 옵션까지를 플랫폼 안에서 바로 제공하고 있습니다.",「『発見』のプロセスはすでにアプリ内へと移行しています。TikTokや中古車売買プラットフォームのAutotraderは、価格提示、下取り査定、ローン契約といった機能をプラットフォーム内に直接組み込み始めています」,发现已经在向 App 内迁移。TikTok 和 Autotrader 正在将定价、置换以及金融服务直接嵌入平台之中。,"CMO, Global Automotive Manufacturer","글로벌 자동차 제조사, CMO","グローバル自動車メーカー
最高マーケティング責任者",首席营销官（CMO），全球汽车制造商,,,,,,,,,Discovery and service face moderate disruption as AI reshapes journeys.,"AI가 유저 여정을 재편하면서, 발견 단계와 서비스 모두에서 중간 수준의 변화 리스크가 존재합니다.",AIがカスタマージャーニーを再編することで、発見プロセスとサービスの両方で中程度のディスラプションが生じています。,随着 AI 重塑用户旅程，发现和服务两个层面均面临中等程度的颠覆。,Moderate,중간,中程度,中等,"Product search shifts to AI, weakening retailer-owned channels.","제품 검색이 AI로 이동하면서, 리테일러가 직접 보유한 채널의 영향력이 약화되고 있습니다.",車両検索がAIへと移行しつつあり、小売店が運営するチャネルの力が弱まっています。,产品搜索向 AI 迁移，从而削弱零售商自有渠道的影响力。,Low,낮음,低い,低,"Dealer tools like configurators and trade-ins are already digitized, so AI adds little disruption. Strong need for in-person experience in the industry.",,仕様選択ツールや下取り査定ツールなど、ディーラー向けのツールはすでにデジタル化されているため、AIによってディスラプションが増すことはほとんどありません。この業界では対面での体験に対する根強いニーズがあります。,经销商使用的配置器和置换工具早已实现数字化，因此 AI 带来的额外颠覆有限。该行业对线下亲身体验仍有强烈需求。,Moderate,중간,中程度,中等,"Fragmented data across OEMs, dealers, and third parties limit AI reach.","OEM, 딜러, 제3자에 데이터가 분산되어 있어, AI가 전반적으로 적용되기에는 한계가 있습니다.",自動車メーカー、ディーラー、サードパーティ間でデータが分散していることが、AIの影響を抑制しています。,分散在主机厂、经销商以及第三方之间的数据结构，限制了 AI 的覆盖范围。,"Organic pull and retention are strong, yet dependence on web-based engagement remains high.","오가닉 유입과 리텐션은 강한 편이나, 웹 중심 참여에 대한 의존도는 여전히 높습니다.",ブランド自体の集客力と定着率が高い一方、依然としてWebベースのエンゲージメントに大きく依存しています。,自然拉力和留存表现强劲，但对 Web 端互动的依赖仍然较高。,9.4,9.4,9.4,9.4,"Organic demand is strong, supported by brand equity, direct traffic, and word-of-mouth. A significant share of customers arrive without heavy reliance on paid.","오가닉 수요는 강한 편으로, 브랜드 자산과 직접 유입, 입소문이 이를 뒷받침하고 있으며, 상당수의 고객이 유료 광고에 크게 의존하지 않고 유입되고 있습니다.",ブランド力、ダイレクトトラフィック、口コミに支えられ、自然流入が非常に堅調です。有料チャネルに過度に依存することなく、かなりの割合の顧客を自然流入経由で獲得しています。,自然需求表现强劲，由品牌资产、直接流量以及口碑传播所支撑。相当一部分客户在几乎不依赖付费投放的情况下进入平台。,8.7,8.7,8.7,8.7,"Retention is healthy, anchored by leasing and financing cycles that create natural repeat behavior. Brand trust and aspiration further reinforce loyalty.",리스와 금융 상품 이용 주기가 자연스러운 재이용을 만들어내며 리텐션은 안정적인 수준을 유지하고 있습니다. 여기에 브랜드에 대한 신뢰와 선호도가 더해지며 충성도 역시 강화됩니다.,定着率は極めて健全です。リースやローン契約のサイクルが自然なリピート行動を生み出しています。また、ブランドへの信頼や「憧れ」がロイヤルティをさらに高めています。,留存表现健康，其基础是租赁和融资周期所形成的自然重复行为。品牌信任和品牌向往进一步强化了忠诚度。,4.2,4.2,4.2,4.2,"Automotive engagement remains centered on OEM sites, configurators, and dealer interactions. App-based traffic is limited, with digital touchpoints still largely web-driven.","자동차 분야의 유저 참여는 여전히 OEM 공식 사이트, 차량 구성 도구, 딜러와의 상호작용을 중심으로 형성되어 있습니다. 앱 기반 트래픽은 제한적인 수준이며, 주요 디지털 접점은 여전히 웹 중심입니다.",自動車業界では、依然としてメーカー公式サイト、仕様選択ツール、ディーラーとのやり取りを中心に、顧客エンゲージメントが展開されています。アプリ経由のトラフィックは限られており、デジタルタッチポイントは引き続きWebサイトが主流です。,汽车领域的用户参与仍然以 OEM 网站、配置器以及经销商互动为中心。基于 App 的流量较为有限，整体来看数字触点仍然主要由 Web 驱动。